ISO-10303-21;
HEADER;
FILE_DESCRIPTION(('KiCad electronic assembly'),'2;1');
FILE_NAME('Cell Tap Fuse Board.step','2026-05-15T20:02:57',('Pcbnew'),(
    'Kicad'),'Open CASCADE STEP processor 7.8','KiCad to STEP converter'
  ,'Unknown');
FILE_SCHEMA(('AUTOMOTIVE_DESIGN { 1 0 10303 214 1 1 1 1 }'));
ENDSEC;
DATA;
#1 = APPLICATION_PROTOCOL_DEFINITION('international standard',
  'automotive_design',2000,#2);
#2 = APPLICATION_CONTEXT(
  'core data for automotive mechanical design processes');
#3 = SHAPE_DEFINITION_REPRESENTATION(#4,#10);
#4 = PRODUCT_DEFINITION_SHAPE('','',#5);
#5 = PRODUCT_DEFINITION('design','',#6,#9);
#6 = PRODUCT_DEFINITION_FORMATION('','',#7);
#7 = PRODUCT('Cell Tap Fuse Board 1','Cell Tap Fuse Board 1','',(#8));
#8 = PRODUCT_CONTEXT('',#2,'mechanical');
#9 = PRODUCT_DEFINITION_CONTEXT('part definition',#2,'design');
#10 = SHAPE_REPRESENTATION('',(#11,#15,#19,#23,#27,#31,#35,#39,#43,#47,
    #51,#55,#59,#63,#67,#71,#75,#79),#83);
#11 = AXIS2_PLACEMENT_3D('',#12,#13,#14);
#12 = CARTESIAN_POINT('',(0.,0.,0.));
#13 = DIRECTION('',(0.,0.,1.));
#14 = DIRECTION('',(1.,0.,-0.));
#15 = AXIS2_PLACEMENT_3D('',#16,#17,#18);
#16 = CARTESIAN_POINT('',(88.067506,-282.681,1.595));
#17 = DIRECTION('',(0.,-0.,1.));
#18 = DIRECTION('',(1.110223024625E-16,1.,0.));
#19 = AXIS2_PLACEMENT_3D('',#20,#21,#22);
#20 = CARTESIAN_POINT('',(87.757506,-160.751,1.595));
#21 = DIRECTION('',(0.,-0.,1.));
#22 = DIRECTION('',(1.110223024625E-16,1.,0.));
#23 = AXIS2_PLACEMENT_3D('',#24,#25,#26);
#24 = CARTESIAN_POINT('',(87.607506,-201.631,1.595));
#25 = DIRECTION('',(0.,-0.,1.));
#26 = DIRECTION('',(1.110223024625E-16,1.,0.));
#27 = AXIS2_PLACEMENT_3D('',#28,#29,#30);
#28 = CARTESIAN_POINT('',(87.847506,-323.111,1.595));
#29 = DIRECTION('',(0.,-0.,1.));
#30 = DIRECTION('',(1.110223024625E-16,1.,0.));
#31 = AXIS2_PLACEMENT_3D('',#32,#33,#34);
#32 = CARTESIAN_POINT('',(84.285006,-225.576,4.845));
#33 = DIRECTION('',(0.,-1.,1.110223024625E-16));
#34 = DIRECTION('',(1.,0.,0.));
#35 = AXIS2_PLACEMENT_3D('',#36,#37,#38);
#36 = CARTESIAN_POINT('',(84.680006,-266.151,4.845));
#37 = DIRECTION('',(0.,-1.,1.110223024625E-16));
#38 = DIRECTION('',(1.,0.,0.));
#39 = AXIS2_PLACEMENT_3D('',#40,#41,#42);
#40 = CARTESIAN_POINT('',(84.900006,-63.071,4.845));
#41 = DIRECTION('',(0.,-1.,1.110223024625E-16));
#42 = DIRECTION('',(1.,0.,0.));
#43 = AXIS2_PLACEMENT_3D('',#44,#45,#46);
#44 = CARTESIAN_POINT('',(84.520006,-144.341,4.845));
#45 = DIRECTION('',(0.,-1.,1.110223024625E-16));
#46 = DIRECTION('',(1.,0.,0.));
#47 = AXIS2_PLACEMENT_3D('',#48,#49,#50);
#48 = CARTESIAN_POINT('',(84.730006,-184.971,4.845));
#49 = DIRECTION('',(0.,-1.,1.110223024625E-16));
#50 = DIRECTION('',(1.,0.,0.));
#51 = AXIS2_PLACEMENT_3D('',#52,#53,#54);
#52 = CARTESIAN_POINT('',(88.432506,-66.991,1.595));
#53 = DIRECTION('',(-0.,0.,1.));
#54 = DIRECTION('',(1.110223024625E-16,-1.,0.));
#55 = AXIS2_PLACEMENT_3D('',#56,#57,#58);
#56 = CARTESIAN_POINT('',(87.767506,-241.931,1.595));
#57 = DIRECTION('',(0.,-0.,1.));
#58 = DIRECTION('',(1.110223024625E-16,1.,0.));
#59 = AXIS2_PLACEMENT_3D('',#60,#61,#62);
#60 = CARTESIAN_POINT('',(84.920006,-306.741,4.845));
#61 = DIRECTION('',(0.,-1.,1.110223024625E-16));
#62 = DIRECTION('',(1.,0.,0.));
#63 = AXIS2_PLACEMENT_3D('',#64,#65,#66);
#64 = CARTESIAN_POINT('',(84.410006,-83.491,4.845));
#65 = DIRECTION('',(0.,-1.,1.110223024625E-16));
#66 = DIRECTION('',(1.,0.,0.));
#67 = AXIS2_PLACEMENT_3D('',#68,#69,#70);
#68 = CARTESIAN_POINT('',(87.647506,-120.221,1.595));
#69 = DIRECTION('',(0.,-0.,1.));
#70 = DIRECTION('',(1.110223024625E-16,1.,0.));
#71 = AXIS2_PLACEMENT_3D('',#72,#73,#74);
#72 = CARTESIAN_POINT('',(84.330006,-103.641,4.845));
#73 = DIRECTION('',(0.,-1.,1.110223024625E-16));
#74 = DIRECTION('',(1.,0.,0.));
#75 = AXIS2_PLACEMENT_3D('',#76,#77,#78);
#76 = CARTESIAN_POINT('',(88.510006,-46.511,1.595));
#77 = DIRECTION('',(-0.,0.,1.));
#78 = DIRECTION('',(1.110223024625E-16,-1.,0.));
#79 = AXIS2_PLACEMENT_3D('',#80,#81,#82);
#80 = CARTESIAN_POINT('',(0.,0.,0.));
#81 = DIRECTION('',(0.,0.,1.));
#82 = DIRECTION('',(1.,0.,-0.));
#83 = ( GEOMETRIC_REPRESENTATION_CONTEXT(3) 
GLOBAL_UNCERTAINTY_ASSIGNED_CONTEXT((#87)) GLOBAL_UNIT_ASSIGNED_CONTEXT(
(#84,#85,#86)) REPRESENTATION_CONTEXT('Context #1',
  '3D Context with UNIT and UNCERTAINTY') );
#84 = ( LENGTH_UNIT() NAMED_UNIT(*) SI_UNIT(.MILLI.,.METRE.) );
#85 = ( NAMED_UNIT(*) PLANE_ANGLE_UNIT() SI_UNIT($,.RADIAN.) );
#86 = ( NAMED_UNIT(*) SI_UNIT($,.STERADIAN.) SOLID_ANGLE_UNIT() );
#87 = UNCERTAINTY_MEASURE_WITH_UNIT(LENGTH_MEASURE(2.E-06),#84,
  'distance_accuracy_value','confusion accuracy');
#88 = PRODUCT_RELATED_PRODUCT_CATEGORY('part',$,(#7));
#89 = SHAPE_DEFINITION_REPRESENTATION(#90,#96);
#90 = PRODUCT_DEFINITION_SHAPE('','',#91);
#91 = PRODUCT_DEFINITION('design','',#92,#95);
#92 = PRODUCT_DEFINITION_FORMATION('','',#93);
#93 = PRODUCT('R_Axial_DIN0309_L9.0mm_D3.2mm_P12.70mm_Horizontal',
  'R_Axial_DIN0309_L9.0mm_D3.2mm_P12.70mm_Horizontal','',(#94));
#94 = PRODUCT_CONTEXT('',#2,'mechanical');
#95 = PRODUCT_DEFINITION_CONTEXT('part definition',#2,'design');
#96 = ADVANCED_BREP_SHAPE_REPRESENTATION('',(#11,#97),#484);
#97 = MANIFOLD_SOLID_BREP('',#98);
#98 = CLOSED_SHELL('',(#99,#132,#158,#178,#198,#223,#248,#268,#294,#319,
    #344,#370,#379,#399,#424,#450,#475));
#99 = ADVANCED_FACE('',(#100),#127,.T.);
#100 = FACE_BOUND('',#101,.T.);
#101 = EDGE_LOOP('',(#102,#111,#119,#126));
#102 = ORIENTED_EDGE('',*,*,#103,.T.);
#103 = EDGE_CURVE('',#104,#104,#106,.T.);
#104 = VERTEX_POINT('',#105);
#105 = CARTESIAN_POINT('',(2.65,1.6,1.6));
#106 = CIRCLE('',#107,1.6);
#107 = AXIS2_PLACEMENT_3D('',#108,#109,#110);
#108 = CARTESIAN_POINT('',(2.65,0.,1.6));
#109 = DIRECTION('',(1.,0.,0.));
#110 = DIRECTION('',(-0.,1.,0.));
#111 = ORIENTED_EDGE('',*,*,#112,.T.);
#112 = EDGE_CURVE('',#104,#113,#115,.T.);
#113 = VERTEX_POINT('',#114);
#114 = CARTESIAN_POINT('',(4.1,1.6,1.6));
#115 = LINE('',#116,#117);
#116 = CARTESIAN_POINT('',(1.85,1.6,1.6));
#117 = VECTOR('',#118,1.);
#118 = DIRECTION('',(1.,0.,0.));
#119 = ORIENTED_EDGE('',*,*,#120,.F.);
#120 = EDGE_CURVE('',#113,#113,#121,.T.);
#121 = CIRCLE('',#122,1.6);
#122 = AXIS2_PLACEMENT_3D('',#123,#124,#125);
#123 = CARTESIAN_POINT('',(4.1,0.,1.6));
#124 = DIRECTION('',(1.,0.,0.));
#125 = DIRECTION('',(-0.,1.,0.));
#126 = ORIENTED_EDGE('',*,*,#112,.F.);
#127 = CYLINDRICAL_SURFACE('',#128,1.6);
#128 = AXIS2_PLACEMENT_3D('',#129,#130,#131);
#129 = CARTESIAN_POINT('',(1.85,0.,1.6));
#130 = DIRECTION('',(-1.,-0.,-0.));
#131 = DIRECTION('',(0.,1.,0.));
#132 = ADVANCED_FACE('',(#133),#153,.T.);
#133 = FACE_BOUND('',#134,.T.);
#134 = EDGE_LOOP('',(#135,#144,#151,#152));
#135 = ORIENTED_EDGE('',*,*,#136,.T.);
#136 = EDGE_CURVE('',#137,#137,#139,.T.);
#137 = VERTEX_POINT('',#138);
#138 = CARTESIAN_POINT('',(1.85,0.8,1.6));
#139 = CIRCLE('',#140,0.8);
#140 = AXIS2_PLACEMENT_3D('',#141,#142,#143);
#141 = CARTESIAN_POINT('',(1.85,0.,1.6));
#142 = DIRECTION('',(1.,0.,0.));
#143 = DIRECTION('',(-0.,1.,0.));
#144 = ORIENTED_EDGE('',*,*,#145,.F.);
#145 = EDGE_CURVE('',#104,#137,#146,.T.);
#146 = CIRCLE('',#147,0.8);
#147 = AXIS2_PLACEMENT_3D('',#148,#149,#150);
#148 = CARTESIAN_POINT('',(2.65,0.8,1.6));
#149 = DIRECTION('',(0.,-0.,1.));
#150 = DIRECTION('',(0.,1.,0.));
#151 = ORIENTED_EDGE('',*,*,#103,.F.);
#152 = ORIENTED_EDGE('',*,*,#145,.T.);
#153 = TOROIDAL_SURFACE('',#154,0.8,0.8);
#154 = AXIS2_PLACEMENT_3D('',#155,#156,#157);
#155 = CARTESIAN_POINT('',(2.65,0.,1.6));
#156 = DIRECTION('',(-1.,0.,0.));
#157 = DIRECTION('',(0.,1.,0.));
#158 = ADVANCED_FACE('',(#159,#162),#173,.F.);
#159 = FACE_BOUND('',#160,.F.);
#160 = EDGE_LOOP('',(#161));
#161 = ORIENTED_EDGE('',*,*,#120,.F.);
#162 = FACE_BOUND('',#163,.F.);
#163 = EDGE_LOOP('',(#164));
#164 = ORIENTED_EDGE('',*,*,#165,.F.);
#165 = EDGE_CURVE('',#166,#166,#168,.T.);
#166 = VERTEX_POINT('',#167);
#167 = CARTESIAN_POINT('',(4.1,1.44,1.6));
#168 = CIRCLE('',#169,1.44);
#169 = AXIS2_PLACEMENT_3D('',#170,#171,#172);
#170 = CARTESIAN_POINT('',(4.1,0.,1.6));
#171 = DIRECTION('',(-1.,0.,0.));
#172 = DIRECTION('',(0.,1.,0.));
#173 = PLANE('',#174);
#174 = AXIS2_PLACEMENT_3D('',#175,#176,#177);
#175 = CARTESIAN_POINT('',(4.1,1.6,1.6));
#176 = DIRECTION('',(-1.,0.,0.));
#177 = DIRECTION('',(0.,0.,-1.));
#178 = ADVANCED_FACE('',(#179,#182),#193,.T.);
#179 = FACE_BOUND('',#180,.T.);
#180 = EDGE_LOOP('',(#181));
#181 = ORIENTED_EDGE('',*,*,#136,.F.);
#182 = FACE_BOUND('',#183,.T.);
#183 = EDGE_LOOP('',(#184));
#184 = ORIENTED_EDGE('',*,*,#185,.T.);
#185 = EDGE_CURVE('',#186,#186,#188,.T.);
#186 = VERTEX_POINT('',#187);
#187 = CARTESIAN_POINT('',(1.85,0.,1.25));
#188 = CIRCLE('',#189,0.35);
#189 = AXIS2_PLACEMENT_3D('',#190,#191,#192);
#190 = CARTESIAN_POINT('',(1.85,0.,1.6));
#191 = DIRECTION('',(1.,-0.,0.));
#192 = DIRECTION('',(0.,0.,-1.));
#193 = PLANE('',#194);
#194 = AXIS2_PLACEMENT_3D('',#195,#196,#197);
#195 = CARTESIAN_POINT('',(1.85,1.6,1.6));
#196 = DIRECTION('',(-1.,0.,0.));
#197 = DIRECTION('',(0.,0.,-1.));
#198 = ADVANCED_FACE('',(#199),#218,.T.);
#199 = FACE_BOUND('',#200,.T.);
#200 = EDGE_LOOP('',(#201,#210,#216,#217));
#201 = ORIENTED_EDGE('',*,*,#202,.T.);
#202 = EDGE_CURVE('',#203,#203,#205,.T.);
#203 = VERTEX_POINT('',#204);
#204 = CARTESIAN_POINT('',(8.6,1.44,1.6));
#205 = CIRCLE('',#206,1.44);
#206 = AXIS2_PLACEMENT_3D('',#207,#208,#209);
#207 = CARTESIAN_POINT('',(8.6,0.,1.6));
#208 = DIRECTION('',(-1.,0.,0.));
#209 = DIRECTION('',(0.,1.,0.));
#210 = ORIENTED_EDGE('',*,*,#211,.F.);
#211 = EDGE_CURVE('',#166,#203,#212,.T.);
#212 = LINE('',#213,#214);
#213 = CARTESIAN_POINT('',(1.85,1.44,1.6));
#214 = VECTOR('',#215,1.);
#215 = DIRECTION('',(1.,0.,0.));
#216 = ORIENTED_EDGE('',*,*,#165,.F.);
#217 = ORIENTED_EDGE('',*,*,#211,.T.);
#218 = CYLINDRICAL_SURFACE('',#219,1.44);
#219 = AXIS2_PLACEMENT_3D('',#220,#221,#222);
#220 = CARTESIAN_POINT('',(1.85,0.,1.6));
#221 = DIRECTION('',(-1.,-0.,-0.));
#222 = DIRECTION('',(0.,1.,0.));
#223 = ADVANCED_FACE('',(#224),#243,.T.);
#224 = FACE_BOUND('',#225,.T.);
#225 = EDGE_LOOP('',(#226,#235,#241,#242));
#226 = ORIENTED_EDGE('',*,*,#227,.F.);
#227 = EDGE_CURVE('',#228,#228,#230,.T.);
#228 = VERTEX_POINT('',#229);
#229 = CARTESIAN_POINT('',(1.05,0.,1.25));
#230 = CIRCLE('',#231,0.35);
#231 = AXIS2_PLACEMENT_3D('',#232,#233,#234);
#232 = CARTESIAN_POINT('',(1.05,0.,1.6));
#233 = DIRECTION('',(-1.,0.,6.049014748177E-16));
#234 = DIRECTION('',(6.049014748177E-16,0.,1.));
#235 = ORIENTED_EDGE('',*,*,#236,.T.);
#236 = EDGE_CURVE('',#228,#186,#237,.T.);
#237 = LINE('',#238,#239);
#238 = CARTESIAN_POINT('',(1.05,0.,1.25));
#239 = VECTOR('',#240,1.);
#240 = DIRECTION('',(1.,0.,0.));
#241 = ORIENTED_EDGE('',*,*,#185,.F.);
#242 = ORIENTED_EDGE('',*,*,#236,.F.);
#243 = CYLINDRICAL_SURFACE('',#244,0.35);
#244 = AXIS2_PLACEMENT_3D('',#245,#246,#247);
#245 = CARTESIAN_POINT('',(1.05,0.,1.6));
#246 = DIRECTION('',(1.,0.,0.));
#247 = DIRECTION('',(0.,0.,-1.));
#248 = ADVANCED_FACE('',(#249,#260),#263,.T.);
#249 = FACE_BOUND('',#250,.T.);
#250 = EDGE_LOOP('',(#251));
#251 = ORIENTED_EDGE('',*,*,#252,.F.);
#252 = EDGE_CURVE('',#253,#253,#255,.T.);
#253 = VERTEX_POINT('',#254);
#254 = CARTESIAN_POINT('',(8.6,1.6,1.6));
#255 = CIRCLE('',#256,1.6);
#256 = AXIS2_PLACEMENT_3D('',#257,#258,#259);
#257 = CARTESIAN_POINT('',(8.6,0.,1.6));
#258 = DIRECTION('',(1.,0.,0.));
#259 = DIRECTION('',(-0.,1.,0.));
#260 = FACE_BOUND('',#261,.T.);
#261 = EDGE_LOOP('',(#262));
#262 = ORIENTED_EDGE('',*,*,#202,.F.);
#263 = PLANE('',#264);
#264 = AXIS2_PLACEMENT_3D('',#265,#266,#267);
#265 = CARTESIAN_POINT('',(8.6,1.6,1.6));
#266 = DIRECTION('',(-1.,0.,0.));
#267 = DIRECTION('',(0.,0.,-1.));
#268 = ADVANCED_FACE('',(#269),#289,.T.);
#269 = FACE_BOUND('',#270,.T.);
#270 = EDGE_LOOP('',(#271,#280,#281,#282));
#271 = ORIENTED_EDGE('',*,*,#272,.T.);
#272 = EDGE_CURVE('',#273,#228,#275,.T.);
#273 = VERTEX_POINT('',#274);
#274 = CARTESIAN_POINT('',(0.35,0.,0.55));
#275 = CIRCLE('',#276,0.7);
#276 = AXIS2_PLACEMENT_3D('',#277,#278,#279);
#277 = CARTESIAN_POINT('',(1.05,1.285879139105E-16,0.55));
#278 = DIRECTION('',(0.,1.,-0.));
#279 = DIRECTION('',(-1.,0.,0.));
#280 = ORIENTED_EDGE('',*,*,#227,.T.);
#281 = ORIENTED_EDGE('',*,*,#272,.F.);
#282 = ORIENTED_EDGE('',*,*,#283,.T.);
#283 = EDGE_CURVE('',#273,#273,#284,.T.);
#284 = CIRCLE('',#285,0.35);
#285 = AXIS2_PLACEMENT_3D('',#286,#287,#288);
#286 = CARTESIAN_POINT('',(0.,0.,0.55));
#287 = DIRECTION('',(0.,0.,1.));
#288 = DIRECTION('',(1.,0.,-0.));
#289 = TOROIDAL_SURFACE('',#290,1.05,0.35);
#290 = AXIS2_PLACEMENT_3D('',#291,#292,#293);
#291 = CARTESIAN_POINT('',(1.05,0.,0.55));
#292 = DIRECTION('',(0.,1.,0.));
#293 = DIRECTION('',(-1.,0.,0.));
#294 = ADVANCED_FACE('',(#295),#314,.T.);
#295 = FACE_BOUND('',#296,.T.);
#296 = EDGE_LOOP('',(#297,#298,#306,#313));
#297 = ORIENTED_EDGE('',*,*,#252,.T.);
#298 = ORIENTED_EDGE('',*,*,#299,.T.);
#299 = EDGE_CURVE('',#253,#300,#302,.T.);
#300 = VERTEX_POINT('',#301);
#301 = CARTESIAN_POINT('',(10.05,1.6,1.6));
#302 = LINE('',#303,#304);
#303 = CARTESIAN_POINT('',(8.6,1.6,1.6));
#304 = VECTOR('',#305,1.);
#305 = DIRECTION('',(1.,0.,0.));
#306 = ORIENTED_EDGE('',*,*,#307,.F.);
#307 = EDGE_CURVE('',#300,#300,#308,.T.);
#308 = CIRCLE('',#309,1.6);
#309 = AXIS2_PLACEMENT_3D('',#310,#311,#312);
#310 = CARTESIAN_POINT('',(10.05,0.,1.6));
#311 = DIRECTION('',(1.,0.,0.));
#312 = DIRECTION('',(-0.,1.,0.));
#313 = ORIENTED_EDGE('',*,*,#299,.F.);
#314 = CYLINDRICAL_SURFACE('',#315,1.6);
#315 = AXIS2_PLACEMENT_3D('',#316,#317,#318);
#316 = CARTESIAN_POINT('',(8.6,0.,1.6));
#317 = DIRECTION('',(-1.,-0.,-0.));
#318 = DIRECTION('',(0.,1.,0.));
#319 = ADVANCED_FACE('',(#320),#339,.T.);
#320 = FACE_BOUND('',#321,.T.);
#321 = EDGE_LOOP('',(#322,#330,#331,#332));
#322 = ORIENTED_EDGE('',*,*,#323,.T.);
#323 = EDGE_CURVE('',#324,#273,#326,.T.);
#324 = VERTEX_POINT('',#325);
#325 = CARTESIAN_POINT('',(0.35,-8.572527594031E-17,-3.));
#326 = LINE('',#327,#328);
#327 = CARTESIAN_POINT('',(0.35,0.,-3.));
#328 = VECTOR('',#329,1.);
#329 = DIRECTION('',(0.,0.,1.));
#330 = ORIENTED_EDGE('',*,*,#283,.F.);
#331 = ORIENTED_EDGE('',*,*,#323,.F.);
#332 = ORIENTED_EDGE('',*,*,#333,.T.);
#333 = EDGE_CURVE('',#324,#324,#334,.T.);
#334 = CIRCLE('',#335,0.35);
#335 = AXIS2_PLACEMENT_3D('',#336,#337,#338);
#336 = CARTESIAN_POINT('',(0.,0.,-3.));
#337 = DIRECTION('',(0.,0.,1.));
#338 = DIRECTION('',(1.,0.,-0.));
#339 = CYLINDRICAL_SURFACE('',#340,0.35);
#340 = AXIS2_PLACEMENT_3D('',#341,#342,#343);
#341 = CARTESIAN_POINT('',(0.,0.,-3.));
#342 = DIRECTION('',(0.,0.,1.));
#343 = DIRECTION('',(1.,0.,-0.));
#344 = ADVANCED_FACE('',(#345),#365,.T.);
#345 = FACE_BOUND('',#346,.T.);
#346 = EDGE_LOOP('',(#347,#356,#357,#358));
#347 = ORIENTED_EDGE('',*,*,#348,.F.);
#348 = EDGE_CURVE('',#300,#349,#351,.T.);
#349 = VERTEX_POINT('',#350);
#350 = CARTESIAN_POINT('',(10.85,0.8,1.6));
#351 = CIRCLE('',#352,0.8);
#352 = AXIS2_PLACEMENT_3D('',#353,#354,#355);
#353 = CARTESIAN_POINT('',(10.05,0.8,1.6));
#354 = DIRECTION('',(0.,0.,-1.));
#355 = DIRECTION('',(0.,1.,0.));
#356 = ORIENTED_EDGE('',*,*,#307,.T.);
#357 = ORIENTED_EDGE('',*,*,#348,.T.);
#358 = ORIENTED_EDGE('',*,*,#359,.F.);
#359 = EDGE_CURVE('',#349,#349,#360,.T.);
#360 = CIRCLE('',#361,0.8);
#361 = AXIS2_PLACEMENT_3D('',#362,#363,#364);
#362 = CARTESIAN_POINT('',(10.85,0.,1.6));
#363 = DIRECTION('',(1.,0.,0.));
#364 = DIRECTION('',(-0.,1.,0.));
#365 = TOROIDAL_SURFACE('',#366,0.8,0.8);
#366 = AXIS2_PLACEMENT_3D('',#367,#368,#369);
#367 = CARTESIAN_POINT('',(10.05,0.,1.6));
#368 = DIRECTION('',(1.,0.,0.));
#369 = DIRECTION('',(-0.,1.,0.));
#370 = ADVANCED_FACE('',(#371),#374,.T.);
#371 = FACE_BOUND('',#372,.F.);
#372 = EDGE_LOOP('',(#373));
#373 = ORIENTED_EDGE('',*,*,#333,.T.);
#374 = PLANE('',#375);
#375 = AXIS2_PLACEMENT_3D('',#376,#377,#378);
#376 = CARTESIAN_POINT('',(0.35,0.,-3.));
#377 = DIRECTION('',(0.,0.,-1.));
#378 = DIRECTION('',(-1.,0.,0.));
#379 = ADVANCED_FACE('',(#380,#383),#394,.F.);
#380 = FACE_BOUND('',#381,.F.);
#381 = EDGE_LOOP('',(#382));
#382 = ORIENTED_EDGE('',*,*,#359,.F.);
#383 = FACE_BOUND('',#384,.F.);
#384 = EDGE_LOOP('',(#385));
#385 = ORIENTED_EDGE('',*,*,#386,.T.);
#386 = EDGE_CURVE('',#387,#387,#389,.T.);
#387 = VERTEX_POINT('',#388);
#388 = CARTESIAN_POINT('',(10.85,0.,1.25));
#389 = CIRCLE('',#390,0.35);
#390 = AXIS2_PLACEMENT_3D('',#391,#392,#393);
#391 = CARTESIAN_POINT('',(10.85,0.,1.6));
#392 = DIRECTION('',(1.,-0.,0.));
#393 = DIRECTION('',(0.,0.,-1.));
#394 = PLANE('',#395);
#395 = AXIS2_PLACEMENT_3D('',#396,#397,#398);
#396 = CARTESIAN_POINT('',(10.85,1.6,1.6));
#397 = DIRECTION('',(-1.,0.,0.));
#398 = DIRECTION('',(0.,0.,-1.));
#399 = ADVANCED_FACE('',(#400),#419,.T.);
#400 = FACE_BOUND('',#401,.T.);
#401 = EDGE_LOOP('',(#402,#403,#411,#418));
#402 = ORIENTED_EDGE('',*,*,#386,.T.);
#403 = ORIENTED_EDGE('',*,*,#404,.T.);
#404 = EDGE_CURVE('',#387,#405,#407,.T.);
#405 = VERTEX_POINT('',#406);
#406 = CARTESIAN_POINT('',(11.65,0.,1.25));
#407 = LINE('',#408,#409);
#408 = CARTESIAN_POINT('',(1.05,0.,1.25));
#409 = VECTOR('',#410,1.);
#410 = DIRECTION('',(1.,0.,0.));
#411 = ORIENTED_EDGE('',*,*,#412,.F.);
#412 = EDGE_CURVE('',#405,#405,#413,.T.);
#413 = CIRCLE('',#414,0.35);
#414 = AXIS2_PLACEMENT_3D('',#415,#416,#417);
#415 = CARTESIAN_POINT('',(11.65,0.,1.6));
#416 = DIRECTION('',(1.,-0.,0.));
#417 = DIRECTION('',(0.,0.,-1.));
#418 = ORIENTED_EDGE('',*,*,#404,.F.);
#419 = CYLINDRICAL_SURFACE('',#420,0.35);
#420 = AXIS2_PLACEMENT_3D('',#421,#422,#423);
#421 = CARTESIAN_POINT('',(1.05,0.,1.6));
#422 = DIRECTION('',(1.,0.,0.));
#423 = DIRECTION('',(0.,0.,-1.));
#424 = ADVANCED_FACE('',(#425),#445,.T.);
#425 = FACE_BOUND('',#426,.T.);
#426 = EDGE_LOOP('',(#427,#436,#443,#444));
#427 = ORIENTED_EDGE('',*,*,#428,.T.);
#428 = EDGE_CURVE('',#405,#429,#431,.T.);
#429 = VERTEX_POINT('',#430);
#430 = CARTESIAN_POINT('',(12.35,0.,0.55));
#431 = CIRCLE('',#432,0.7);
#432 = AXIS2_PLACEMENT_3D('',#433,#434,#435);
#433 = CARTESIAN_POINT('',(11.65,1.285879139105E-16,0.55));
#434 = DIRECTION('',(0.,1.,0.));
#435 = DIRECTION('',(0.,-0.,1.));
#436 = ORIENTED_EDGE('',*,*,#437,.T.);
#437 = EDGE_CURVE('',#429,#429,#438,.T.);
#438 = CIRCLE('',#439,0.35);
#439 = AXIS2_PLACEMENT_3D('',#440,#441,#442);
#440 = CARTESIAN_POINT('',(12.7,0.,0.55));
#441 = DIRECTION('',(-1.171455364583E-15,0.,1.));
#442 = DIRECTION('',(1.,0.,1.171455364583E-15));
#443 = ORIENTED_EDGE('',*,*,#428,.F.);
#444 = ORIENTED_EDGE('',*,*,#412,.T.);
#445 = TOROIDAL_SURFACE('',#446,1.05,0.35);
#446 = AXIS2_PLACEMENT_3D('',#447,#448,#449);
#447 = CARTESIAN_POINT('',(11.65,0.,0.55));
#448 = DIRECTION('',(0.,1.,0.));
#449 = DIRECTION('',(0.,-0.,1.));
#450 = ADVANCED_FACE('',(#451),#470,.T.);
#451 = FACE_BOUND('',#452,.T.);
#452 = EDGE_LOOP('',(#453,#461,#468,#469));
#453 = ORIENTED_EDGE('',*,*,#454,.T.);
#454 = EDGE_CURVE('',#429,#455,#457,.T.);
#455 = VERTEX_POINT('',#456);
#456 = CARTESIAN_POINT('',(12.35,-8.572527594031E-17,-3.));
#457 = LINE('',#458,#459);
#458 = CARTESIAN_POINT('',(12.35,0.,0.55));
#459 = VECTOR('',#460,1.);
#460 = DIRECTION('',(0.,0.,-1.));
#461 = ORIENTED_EDGE('',*,*,#462,.F.);
#462 = EDGE_CURVE('',#455,#455,#463,.T.);
#463 = CIRCLE('',#464,0.35);
#464 = AXIS2_PLACEMENT_3D('',#465,#466,#467);
#465 = CARTESIAN_POINT('',(12.7,0.,-3.));
#466 = DIRECTION('',(0.,0.,-1.));
#467 = DIRECTION('',(-1.,0.,0.));
#468 = ORIENTED_EDGE('',*,*,#454,.F.);
#469 = ORIENTED_EDGE('',*,*,#437,.F.);
#470 = CYLINDRICAL_SURFACE('',#471,0.35);
#471 = AXIS2_PLACEMENT_3D('',#472,#473,#474);
#472 = CARTESIAN_POINT('',(12.7,0.,0.55));
#473 = DIRECTION('',(0.,0.,-1.));
#474 = DIRECTION('',(-1.,0.,0.));
#475 = ADVANCED_FACE('',(#476),#479,.F.);
#476 = FACE_BOUND('',#477,.T.);
#477 = EDGE_LOOP('',(#478));
#478 = ORIENTED_EDGE('',*,*,#462,.T.);
#479 = PLANE('',#480);
#480 = AXIS2_PLACEMENT_3D('',#481,#482,#483);
#481 = CARTESIAN_POINT('',(12.35,0.,-3.));
#482 = DIRECTION('',(0.,0.,1.));
#483 = DIRECTION('',(1.,0.,-0.));
#484 = ( GEOMETRIC_REPRESENTATION_CONTEXT(3) 
GLOBAL_UNCERTAINTY_ASSIGNED_CONTEXT((#488)) GLOBAL_UNIT_ASSIGNED_CONTEXT
((#485,#486,#487)) REPRESENTATION_CONTEXT('Context #1',
  '3D Context with UNIT and UNCERTAINTY') );
#485 = ( LENGTH_UNIT() NAMED_UNIT(*) SI_UNIT(.MILLI.,.METRE.) );
#486 = ( NAMED_UNIT(*) PLANE_ANGLE_UNIT() SI_UNIT($,.RADIAN.) );
#487 = ( NAMED_UNIT(*) SI_UNIT($,.STERADIAN.) SOLID_ANGLE_UNIT() );
#488 = UNCERTAINTY_MEASURE_WITH_UNIT(LENGTH_MEASURE(1.E-07),#485,
  'distance_accuracy_value','confusion accuracy');
#489 = CONTEXT_DEPENDENT_SHAPE_REPRESENTATION(#490,#492);
#490 = ( REPRESENTATION_RELATIONSHIP('','',#96,#10) 
REPRESENTATION_RELATIONSHIP_WITH_TRANSFORMATION(#491) 
SHAPE_REPRESENTATION_RELATIONSHIP() );
#491 = ITEM_DEFINED_TRANSFORMATION('','',#11,#15);
#492 = PRODUCT_DEFINITION_SHAPE('Placement','Placement of an item',#493
  );
#493 = NEXT_ASSEMBLY_USAGE_OCCURRENCE('1','F8','',#5,#91,$);
#494 = PRODUCT_RELATED_PRODUCT_CATEGORY('part',$,(#93));
#495 = CONTEXT_DEPENDENT_SHAPE_REPRESENTATION(#496,#498);
#496 = ( REPRESENTATION_RELATIONSHIP('','',#96,#10) 
REPRESENTATION_RELATIONSHIP_WITH_TRANSFORMATION(#497) 
SHAPE_REPRESENTATION_RELATIONSHIP() );
#497 = ITEM_DEFINED_TRANSFORMATION('','',#11,#19);
#498 = PRODUCT_DEFINITION_SHAPE('Placement','Placement of an item',#499
  );
#499 = NEXT_ASSEMBLY_USAGE_OCCURRENCE('2','F6','',#5,#91,$);
#500 = CONTEXT_DEPENDENT_SHAPE_REPRESENTATION(#501,#503);
#501 = ( REPRESENTATION_RELATIONSHIP('','',#96,#10) 
REPRESENTATION_RELATIONSHIP_WITH_TRANSFORMATION(#502) 
SHAPE_REPRESENTATION_RELATIONSHIP() );
#502 = ITEM_DEFINED_TRANSFORMATION('','',#11,#23);
#503 = PRODUCT_DEFINITION_SHAPE('Placement','Placement of an item',#504
  );
#504 = NEXT_ASSEMBLY_USAGE_OCCURRENCE('3','F7','',#5,#91,$);
#505 = CONTEXT_DEPENDENT_SHAPE_REPRESENTATION(#506,#508);
#506 = ( REPRESENTATION_RELATIONSHIP('','',#96,#10) 
REPRESENTATION_RELATIONSHIP_WITH_TRANSFORMATION(#507) 
SHAPE_REPRESENTATION_RELATIONSHIP() );
#507 = ITEM_DEFINED_TRANSFORMATION('','',#11,#27);
#508 = PRODUCT_DEFINITION_SHAPE('Placement','Placement of an item',#509
  );
#509 = NEXT_ASSEMBLY_USAGE_OCCURRENCE('4','F5','',#5,#91,$);
#510 = SHAPE_DEFINITION_REPRESENTATION(#511,#517);
#511 = PRODUCT_DEFINITION_SHAPE('','',#512);
#512 = PRODUCT_DEFINITION('design','',#513,#516);
#513 = PRODUCT_DEFINITION_FORMATION('','',#514);
#514 = PRODUCT('53047-0210','53047-0210','',(#515));
#515 = PRODUCT_CONTEXT('',#2,'mechanical');
#516 = PRODUCT_DEFINITION_CONTEXT('part definition',#2,'design');
#517 = SHAPE_REPRESENTATION('',(#11,#518,#522),#526);
#518 = AXIS2_PLACEMENT_3D('',#519,#520,#521);
#519 = CARTESIAN_POINT('',(0.,0.,0.));
#520 = DIRECTION('',(0.,0.,1.));
#521 = DIRECTION('',(1.,0.,-0.));
#522 = AXIS2_PLACEMENT_3D('',#523,#524,#525);
#523 = CARTESIAN_POINT('',(0.,0.,0.));
#524 = DIRECTION('',(0.,0.,1.));
#525 = DIRECTION('',(1.,0.,-0.));
#526 = ( GEOMETRIC_REPRESENTATION_CONTEXT(3) 
GLOBAL_UNCERTAINTY_ASSIGNED_CONTEXT((#530)) GLOBAL_UNIT_ASSIGNED_CONTEXT
((#527,#528,#529)) REPRESENTATION_CONTEXT('Context #1',
  '3D Context with UNIT and UNCERTAINTY') );
#527 = ( LENGTH_UNIT() NAMED_UNIT(*) SI_UNIT(.MILLI.,.METRE.) );
#528 = ( NAMED_UNIT(*) PLANE_ANGLE_UNIT() SI_UNIT($,.RADIAN.) );
#529 = ( NAMED_UNIT(*) SI_UNIT($,.STERADIAN.) SOLID_ANGLE_UNIT() );
#530 = UNCERTAINTY_MEASURE_WITH_UNIT(LENGTH_MEASURE(2.E-06),#527,
  'distance_accuracy_value','confusion accuracy');
#531 = CONTEXT_DEPENDENT_SHAPE_REPRESENTATION(#532,#534);
#532 = ( REPRESENTATION_RELATIONSHIP('','',#517,#10) 
REPRESENTATION_RELATIONSHIP_WITH_TRANSFORMATION(#533) 
SHAPE_REPRESENTATION_RELATIONSHIP() );
#533 = ITEM_DEFINED_TRANSFORMATION('','',#11,#31);
#534 = PRODUCT_DEFINITION_SHAPE('Placement','Placement of an item',#535
  );
#535 = NEXT_ASSEMBLY_USAGE_OCCURRENCE('7','J4','',#5,#512,$);
#536 = PRODUCT_RELATED_PRODUCT_CATEGORY('part',$,(#514));
#537 = SHAPE_DEFINITION_REPRESENTATION(#538,#544);
#538 = PRODUCT_DEFINITION_SHAPE('','',#539);
#539 = PRODUCT_DEFINITION('design','',#540,#543);
#540 = PRODUCT_DEFINITION_FORMATION('','',#541);
#541 = PRODUCT('SOLID','SOLID','',(#542));
#542 = PRODUCT_CONTEXT('',#2,'mechanical');
#543 = PRODUCT_DEFINITION_CONTEXT('part definition',#2,'design');
#544 = ADVANCED_BREP_SHAPE_REPRESENTATION('',(#11,#545),#3643);
#545 = MANIFOLD_SOLID_BREP('',#546);
#546 = CLOSED_SHELL('',(#547,#619,#650,#690,#737,#777,#817,#880,#975,
    #1031,#1062,#1175,#1206,#1230,#1254,#1271,#1317,#1348,#1401,#1445,
    #1540,#1571,#1603,#1640,#1677,#1702,#1878,#1895,#1941,#1958,#1976,
    #1993,#2011,#2023,#2079,#2103,#2134,#2158,#2175,#2201,#2225,#2258,
    #2283,#2300,#2312,#2330,#2348,#2362,#2383,#2400,#2412,#2424,#2464,
    #2511,#2542,#2573,#2597,#2621,#2645,#2674,#2721,#2733,#2750,#2787,
    #2811,#2828,#2856,#2873,#2885,#2916,#2947,#2959,#2983,#3007,#3019,
    #3031,#3071,#3118,#3149,#3180,#3204,#3253,#3270,#3298,#3315,#3327,
    #3351,#3375,#3392,#3409,#3421,#3468,#3499,#3530,#3554,#3578,#3590,
    #3602,#3614,#3631));
#547 = ADVANCED_FACE('',(#548),#614,.F.);
#548 = FACE_BOUND('',#549,.F.);
#549 = EDGE_LOOP('',(#550,#560,#568,#576,#584,#592,#600,#608));
#550 = ORIENTED_EDGE('',*,*,#551,.T.);
#551 = EDGE_CURVE('',#552,#554,#556,.T.);
#552 = VERTEX_POINT('',#553);
#553 = CARTESIAN_POINT('',(-2.125,-3.225,-1.3));
#554 = VERTEX_POINT('',#555);
#555 = CARTESIAN_POINT('',(-2.125,-2.625,-1.3));
#556 = LINE('',#557,#558);
#557 = CARTESIAN_POINT('',(-2.125,-3.225,-1.3));
#558 = VECTOR('',#559,1.);
#559 = DIRECTION('',(0.,1.,0.));
#560 = ORIENTED_EDGE('',*,*,#561,.F.);
#561 = EDGE_CURVE('',#562,#554,#564,.T.);
#562 = VERTEX_POINT('',#563);
#563 = CARTESIAN_POINT('',(-2.125,-2.625,-1.6));
#564 = LINE('',#565,#566);
#565 = CARTESIAN_POINT('',(-2.125,-2.625,-1.6));
#566 = VECTOR('',#567,1.);
#567 = DIRECTION('',(0.,0.,1.));
#568 = ORIENTED_EDGE('',*,*,#569,.T.);
#569 = EDGE_CURVE('',#562,#570,#572,.T.);
#570 = VERTEX_POINT('',#571);
#571 = CARTESIAN_POINT('',(-2.125,0.975,-1.6));
#572 = LINE('',#573,#574);
#573 = CARTESIAN_POINT('',(-2.125,-2.625,-1.6));
#574 = VECTOR('',#575,1.);
#575 = DIRECTION('',(0.,1.,0.));
#576 = ORIENTED_EDGE('',*,*,#577,.T.);
#577 = EDGE_CURVE('',#570,#578,#580,.T.);
#578 = VERTEX_POINT('',#579);
#579 = CARTESIAN_POINT('',(-2.125,0.975,1.2));
#580 = LINE('',#581,#582);
#581 = CARTESIAN_POINT('',(-2.125,0.975,-1.6));
#582 = VECTOR('',#583,1.);
#583 = DIRECTION('',(0.,0.,1.));
#584 = ORIENTED_EDGE('',*,*,#585,.T.);
#585 = EDGE_CURVE('',#578,#586,#588,.T.);
#586 = VERTEX_POINT('',#587);
#587 = CARTESIAN_POINT('',(-2.125,-2.5E-02,1.2));
#588 = LINE('',#589,#590);
#589 = CARTESIAN_POINT('',(-2.125,0.975,1.2));
#590 = VECTOR('',#591,1.);
#591 = DIRECTION('',(0.,-1.,0.));
#592 = ORIENTED_EDGE('',*,*,#593,.F.);
#593 = EDGE_CURVE('',#594,#586,#596,.T.);
#594 = VERTEX_POINT('',#595);
#595 = CARTESIAN_POINT('',(-2.125,-2.5E-02,1.6));
#596 = LINE('',#597,#598);
#597 = CARTESIAN_POINT('',(-2.125,-2.5E-02,1.6));
#598 = VECTOR('',#599,1.);
#599 = DIRECTION('',(0.,0.,-1.));
#600 = ORIENTED_EDGE('',*,*,#601,.T.);
#601 = EDGE_CURVE('',#594,#602,#604,.T.);
#602 = VERTEX_POINT('',#603);
#603 = CARTESIAN_POINT('',(-2.125,-3.225,1.6));
#604 = LINE('',#605,#606);
#605 = CARTESIAN_POINT('',(-2.125,-2.5E-02,1.6));
#606 = VECTOR('',#607,1.);
#607 = DIRECTION('',(0.,-1.,0.));
#608 = ORIENTED_EDGE('',*,*,#609,.T.);
#609 = EDGE_CURVE('',#602,#552,#610,.T.);
#610 = LINE('',#611,#612);
#611 = CARTESIAN_POINT('',(-2.125,-3.225,1.6));
#612 = VECTOR('',#613,1.);
#613 = DIRECTION('',(0.,0.,-1.));
#614 = PLANE('',#615);
#615 = AXIS2_PLACEMENT_3D('',#616,#617,#618);
#616 = CARTESIAN_POINT('',(-2.125,0.,0.));
#617 = DIRECTION('',(1.,0.,0.));
#618 = DIRECTION('',(0.,-1.,0.));
#619 = ADVANCED_FACE('',(#620),#645,.T.);
#620 = FACE_BOUND('',#621,.F.);
#621 = EDGE_LOOP('',(#622,#630,#638,#644));
#622 = ORIENTED_EDGE('',*,*,#623,.T.);
#623 = EDGE_CURVE('',#552,#624,#626,.T.);
#624 = VERTEX_POINT('',#625);
#625 = CARTESIAN_POINT('',(-1.55,-3.225,-1.3));
#626 = LINE('',#627,#628);
#627 = CARTESIAN_POINT('',(-2.125,-3.225,-1.3));
#628 = VECTOR('',#629,1.);
#629 = DIRECTION('',(1.,0.,0.));
#630 = ORIENTED_EDGE('',*,*,#631,.F.);
#631 = EDGE_CURVE('',#632,#624,#634,.T.);
#632 = VERTEX_POINT('',#633);
#633 = CARTESIAN_POINT('',(-1.55,-2.625,-1.3));
#634 = LINE('',#635,#636);
#635 = CARTESIAN_POINT('',(-1.55,-2.625,-1.3));
#636 = VECTOR('',#637,1.);
#637 = DIRECTION('',(0.,-1.,0.));
#638 = ORIENTED_EDGE('',*,*,#639,.F.);
#639 = EDGE_CURVE('',#554,#632,#640,.T.);
#640 = LINE('',#641,#642);
#641 = CARTESIAN_POINT('',(-2.125,-2.625,-1.3));
#642 = VECTOR('',#643,1.);
#643 = DIRECTION('',(1.,0.,0.));
#644 = ORIENTED_EDGE('',*,*,#551,.F.);
#645 = PLANE('',#646);
#646 = AXIS2_PLACEMENT_3D('',#647,#648,#649);
#647 = CARTESIAN_POINT('',(-2.125,-3.225,-1.3));
#648 = DIRECTION('',(0.,0.,-1.));
#649 = DIRECTION('',(-1.,0.,0.));
#650 = ADVANCED_FACE('',(#651),#685,.T.);
#651 = FACE_BOUND('',#652,.F.);
#652 = EDGE_LOOP('',(#653,#663,#671,#679));
#653 = ORIENTED_EDGE('',*,*,#654,.T.);
#654 = EDGE_CURVE('',#655,#657,#659,.T.);
#655 = VERTEX_POINT('',#656);
#656 = CARTESIAN_POINT('',(2.125,-3.225,-1.3));
#657 = VERTEX_POINT('',#658);
#658 = CARTESIAN_POINT('',(2.125,-2.625,-1.3));
#659 = LINE('',#660,#661);
#660 = CARTESIAN_POINT('',(2.125,-3.225,-1.3));
#661 = VECTOR('',#662,1.);
#662 = DIRECTION('',(0.,1.,0.));
#663 = ORIENTED_EDGE('',*,*,#664,.F.);
#664 = EDGE_CURVE('',#665,#657,#667,.T.);
#665 = VERTEX_POINT('',#666);
#666 = CARTESIAN_POINT('',(1.55,-2.625,-1.3));
#667 = LINE('',#668,#669);
#668 = CARTESIAN_POINT('',(1.55,-2.625,-1.3));
#669 = VECTOR('',#670,1.);
#670 = DIRECTION('',(1.,0.,0.));
#671 = ORIENTED_EDGE('',*,*,#672,.F.);
#672 = EDGE_CURVE('',#673,#665,#675,.T.);
#673 = VERTEX_POINT('',#674);
#674 = CARTESIAN_POINT('',(1.55,-3.225,-1.3));
#675 = LINE('',#676,#677);
#676 = CARTESIAN_POINT('',(1.55,-3.225,-1.3));
#677 = VECTOR('',#678,1.);
#678 = DIRECTION('',(0.,1.,0.));
#679 = ORIENTED_EDGE('',*,*,#680,.T.);
#680 = EDGE_CURVE('',#673,#655,#681,.T.);
#681 = LINE('',#682,#683);
#682 = CARTESIAN_POINT('',(1.55,-3.225,-1.3));
#683 = VECTOR('',#684,1.);
#684 = DIRECTION('',(1.,0.,0.));
#685 = PLANE('',#686);
#686 = AXIS2_PLACEMENT_3D('',#687,#688,#689);
#687 = CARTESIAN_POINT('',(-2.125,-3.225,-1.3));
#688 = DIRECTION('',(0.,0.,-1.));
#689 = DIRECTION('',(-1.,0.,0.));
#690 = ADVANCED_FACE('',(#691),#732,.T.);
#691 = FACE_BOUND('',#692,.F.);
#692 = EDGE_LOOP('',(#693,#703,#711,#717,#718,#726));
#693 = ORIENTED_EDGE('',*,*,#694,.F.);
#694 = EDGE_CURVE('',#695,#697,#699,.T.);
#695 = VERTEX_POINT('',#696);
#696 = CARTESIAN_POINT('',(0.9,-3.225,1.6));
#697 = VERTEX_POINT('',#698);
#698 = CARTESIAN_POINT('',(0.9,-3.225,-1.6));
#699 = LINE('',#700,#701);
#700 = CARTESIAN_POINT('',(0.9,-3.225,1.6));
#701 = VECTOR('',#702,1.);
#702 = DIRECTION('',(0.,0.,-1.));
#703 = ORIENTED_EDGE('',*,*,#704,.T.);
#704 = EDGE_CURVE('',#695,#705,#707,.T.);
#705 = VERTEX_POINT('',#706);
#706 = CARTESIAN_POINT('',(2.125,-3.225,1.6));
#707 = LINE('',#708,#709);
#708 = CARTESIAN_POINT('',(0.9,-3.225,1.6));
#709 = VECTOR('',#710,1.);
#710 = DIRECTION('',(1.,0.,0.));
#711 = ORIENTED_EDGE('',*,*,#712,.T.);
#712 = EDGE_CURVE('',#705,#655,#713,.T.);
#713 = LINE('',#714,#715);
#714 = CARTESIAN_POINT('',(2.125,-3.225,1.6));
#715 = VECTOR('',#716,1.);
#716 = DIRECTION('',(0.,0.,-1.));
#717 = ORIENTED_EDGE('',*,*,#680,.F.);
#718 = ORIENTED_EDGE('',*,*,#719,.F.);
#719 = EDGE_CURVE('',#720,#673,#722,.T.);
#720 = VERTEX_POINT('',#721);
#721 = CARTESIAN_POINT('',(1.55,-3.225,-1.6));
#722 = LINE('',#723,#724);
#723 = CARTESIAN_POINT('',(1.55,-3.225,-1.6));
#724 = VECTOR('',#725,1.);
#725 = DIRECTION('',(0.,0.,1.));
#726 = ORIENTED_EDGE('',*,*,#727,.F.);
#727 = EDGE_CURVE('',#697,#720,#728,.T.);
#728 = LINE('',#729,#730);
#729 = CARTESIAN_POINT('',(0.9,-3.225,-1.6));
#730 = VECTOR('',#731,1.);
#731 = DIRECTION('',(1.,0.,0.));
#732 = PLANE('',#733);
#733 = AXIS2_PLACEMENT_3D('',#734,#735,#736);
#734 = CARTESIAN_POINT('',(-2.125,-3.225,1.6));
#735 = DIRECTION('',(0.,-1.,0.));
#736 = DIRECTION('',(0.,0.,-1.));
#737 = ADVANCED_FACE('',(#738),#772,.T.);
#738 = FACE_BOUND('',#739,.F.);
#739 = EDGE_LOOP('',(#740,#750,#758,#766));
#740 = ORIENTED_EDGE('',*,*,#741,.F.);
#741 = EDGE_CURVE('',#742,#744,#746,.T.);
#742 = VERTEX_POINT('',#743);
#743 = CARTESIAN_POINT('',(-0.35,-3.225,1.6));
#744 = VERTEX_POINT('',#745);
#745 = CARTESIAN_POINT('',(-0.35,-3.225,-1.6));
#746 = LINE('',#747,#748);
#747 = CARTESIAN_POINT('',(-0.35,-3.225,1.6));
#748 = VECTOR('',#749,1.);
#749 = DIRECTION('',(0.,0.,-1.));
#750 = ORIENTED_EDGE('',*,*,#751,.T.);
#751 = EDGE_CURVE('',#742,#752,#754,.T.);
#752 = VERTEX_POINT('',#753);
#753 = CARTESIAN_POINT('',(0.35,-3.225,1.6));
#754 = LINE('',#755,#756);
#755 = CARTESIAN_POINT('',(-0.35,-3.225,1.6));
#756 = VECTOR('',#757,1.);
#757 = DIRECTION('',(1.,0.,0.));
#758 = ORIENTED_EDGE('',*,*,#759,.T.);
#759 = EDGE_CURVE('',#752,#760,#762,.T.);
#760 = VERTEX_POINT('',#761);
#761 = CARTESIAN_POINT('',(0.35,-3.225,-1.6));
#762 = LINE('',#763,#764);
#763 = CARTESIAN_POINT('',(0.35,-3.225,1.6));
#764 = VECTOR('',#765,1.);
#765 = DIRECTION('',(0.,0.,-1.));
#766 = ORIENTED_EDGE('',*,*,#767,.F.);
#767 = EDGE_CURVE('',#744,#760,#768,.T.);
#768 = LINE('',#769,#770);
#769 = CARTESIAN_POINT('',(-0.35,-3.225,-1.6));
#770 = VECTOR('',#771,1.);
#771 = DIRECTION('',(1.,0.,0.));
#772 = PLANE('',#773);
#773 = AXIS2_PLACEMENT_3D('',#774,#775,#776);
#774 = CARTESIAN_POINT('',(-2.125,-3.225,1.6));
#775 = DIRECTION('',(0.,-1.,0.));
#776 = DIRECTION('',(0.,0.,-1.));
#777 = ADVANCED_FACE('',(#778),#812,.T.);
#778 = FACE_BOUND('',#779,.F.);
#779 = EDGE_LOOP('',(#780,#790,#798,#804,#805,#806));
#780 = ORIENTED_EDGE('',*,*,#781,.T.);
#781 = EDGE_CURVE('',#782,#784,#786,.T.);
#782 = VERTEX_POINT('',#783);
#783 = CARTESIAN_POINT('',(-0.9,-3.225,1.6));
#784 = VERTEX_POINT('',#785);
#785 = CARTESIAN_POINT('',(-0.9,-3.225,-1.6));
#786 = LINE('',#787,#788);
#787 = CARTESIAN_POINT('',(-0.9,-3.225,1.6));
#788 = VECTOR('',#789,1.);
#789 = DIRECTION('',(0.,0.,-1.));
#790 = ORIENTED_EDGE('',*,*,#791,.F.);
#791 = EDGE_CURVE('',#792,#784,#794,.T.);
#792 = VERTEX_POINT('',#793);
#793 = CARTESIAN_POINT('',(-1.55,-3.225,-1.6));
#794 = LINE('',#795,#796);
#795 = CARTESIAN_POINT('',(-1.55,-3.225,-1.6));
#796 = VECTOR('',#797,1.);
#797 = DIRECTION('',(1.,0.,0.));
#798 = ORIENTED_EDGE('',*,*,#799,.T.);
#799 = EDGE_CURVE('',#792,#624,#800,.T.);
#800 = LINE('',#801,#802);
#801 = CARTESIAN_POINT('',(-1.55,-3.225,-1.6));
#802 = VECTOR('',#803,1.);
#803 = DIRECTION('',(0.,0.,1.));
#804 = ORIENTED_EDGE('',*,*,#623,.F.);
#805 = ORIENTED_EDGE('',*,*,#609,.F.);
#806 = ORIENTED_EDGE('',*,*,#807,.T.);
#807 = EDGE_CURVE('',#602,#782,#808,.T.);
#808 = LINE('',#809,#810);
#809 = CARTESIAN_POINT('',(-2.125,-3.225,1.6));
#810 = VECTOR('',#811,1.);
#811 = DIRECTION('',(1.,0.,0.));
#812 = PLANE('',#813);
#813 = AXIS2_PLACEMENT_3D('',#814,#815,#816);
#814 = CARTESIAN_POINT('',(-2.125,-3.225,1.6));
#815 = DIRECTION('',(0.,-1.,0.));
#816 = DIRECTION('',(0.,0.,-1.));
#817 = ADVANCED_FACE('',(#818),#875,.F.);
#818 = FACE_BOUND('',#819,.F.);
#819 = EDGE_LOOP('',(#820,#828,#829,#837,#845,#853,#861,#869));
#820 = ORIENTED_EDGE('',*,*,#821,.F.);
#821 = EDGE_CURVE('',#695,#822,#824,.T.);
#822 = VERTEX_POINT('',#823);
#823 = CARTESIAN_POINT('',(0.9,-2.925,1.6));
#824 = LINE('',#825,#826);
#825 = CARTESIAN_POINT('',(0.9,-3.225,1.6));
#826 = VECTOR('',#827,1.);
#827 = DIRECTION('',(0.,1.,0.));
#828 = ORIENTED_EDGE('',*,*,#694,.T.);
#829 = ORIENTED_EDGE('',*,*,#830,.T.);
#830 = EDGE_CURVE('',#697,#831,#833,.T.);
#831 = VERTEX_POINT('',#832);
#832 = CARTESIAN_POINT('',(0.9,-2.625,-1.6));
#833 = LINE('',#834,#835);
#834 = CARTESIAN_POINT('',(0.9,-3.225,-1.6));
#835 = VECTOR('',#836,1.);
#836 = DIRECTION('',(0.,1.,0.));
#837 = ORIENTED_EDGE('',*,*,#838,.T.);
#838 = EDGE_CURVE('',#831,#839,#841,.T.);
#839 = VERTEX_POINT('',#840);
#840 = CARTESIAN_POINT('',(0.9,-2.625,-1.3));
#841 = LINE('',#842,#843);
#842 = CARTESIAN_POINT('',(0.9,-2.625,-1.6));
#843 = VECTOR('',#844,1.);
#844 = DIRECTION('',(0.,0.,1.));
#845 = ORIENTED_EDGE('',*,*,#846,.T.);
#846 = EDGE_CURVE('',#839,#847,#849,.T.);
#847 = VERTEX_POINT('',#848);
#848 = CARTESIAN_POINT('',(0.9,-3.125,-1.3));
#849 = LINE('',#850,#851);
#850 = CARTESIAN_POINT('',(0.9,-2.625,-1.3));
#851 = VECTOR('',#852,1.);
#852 = DIRECTION('',(0.,-1.,0.));
#853 = ORIENTED_EDGE('',*,*,#854,.T.);
#854 = EDGE_CURVE('',#847,#855,#857,.T.);
#855 = VERTEX_POINT('',#856);
#856 = CARTESIAN_POINT('',(0.9,-3.125,0.4));
#857 = LINE('',#858,#859);
#858 = CARTESIAN_POINT('',(0.9,-3.125,-1.3));
#859 = VECTOR('',#860,1.);
#860 = DIRECTION('',(0.,0.,1.));
#861 = ORIENTED_EDGE('',*,*,#862,.T.);
#862 = EDGE_CURVE('',#855,#863,#865,.T.);
#863 = VERTEX_POINT('',#864);
#864 = CARTESIAN_POINT('',(0.9,-2.925,0.4));
#865 = LINE('',#866,#867);
#866 = CARTESIAN_POINT('',(0.9,-3.125,0.4));
#867 = VECTOR('',#868,1.);
#868 = DIRECTION('',(0.,1.,0.));
#869 = ORIENTED_EDGE('',*,*,#870,.T.);
#870 = EDGE_CURVE('',#863,#822,#871,.T.);
#871 = LINE('',#872,#873);
#872 = CARTESIAN_POINT('',(0.9,-2.925,0.4));
#873 = VECTOR('',#874,1.);
#874 = DIRECTION('',(0.,0.,1.));
#875 = PLANE('',#876);
#876 = AXIS2_PLACEMENT_3D('',#877,#878,#879);
#877 = CARTESIAN_POINT('',(0.9,0.,0.));
#878 = DIRECTION('',(1.,0.,0.));
#879 = DIRECTION('',(-0.,1.,0.));
#880 = ADVANCED_FACE('',(#881),#970,.T.);
#881 = FACE_BOUND('',#882,.F.);
#882 = EDGE_LOOP('',(#883,#891,#899,#905,#906,#907,#915,#923,#931,#939,
    #947,#953,#954,#955,#963,#969));
#883 = ORIENTED_EDGE('',*,*,#884,.T.);
#884 = EDGE_CURVE('',#742,#885,#887,.T.);
#885 = VERTEX_POINT('',#886);
#886 = CARTESIAN_POINT('',(-0.35,-2.925,1.6));
#887 = LINE('',#888,#889);
#888 = CARTESIAN_POINT('',(-0.35,-3.225,1.6));
#889 = VECTOR('',#890,1.);
#890 = DIRECTION('',(0.,1.,0.));
#891 = ORIENTED_EDGE('',*,*,#892,.F.);
#892 = EDGE_CURVE('',#893,#885,#895,.T.);
#893 = VERTEX_POINT('',#894);
#894 = CARTESIAN_POINT('',(-0.9,-2.925,1.6));
#895 = LINE('',#896,#897);
#896 = CARTESIAN_POINT('',(-0.9,-2.925,1.6));
#897 = VECTOR('',#898,1.);
#898 = DIRECTION('',(1.,0.,0.));
#899 = ORIENTED_EDGE('',*,*,#900,.F.);
#900 = EDGE_CURVE('',#782,#893,#901,.T.);
#901 = LINE('',#902,#903);
#902 = CARTESIAN_POINT('',(-0.9,-3.225,1.6));
#903 = VECTOR('',#904,1.);
#904 = DIRECTION('',(0.,1.,0.));
#905 = ORIENTED_EDGE('',*,*,#807,.F.);
#906 = ORIENTED_EDGE('',*,*,#601,.F.);
#907 = ORIENTED_EDGE('',*,*,#908,.T.);
#908 = EDGE_CURVE('',#594,#909,#911,.T.);
#909 = VERTEX_POINT('',#910);
#910 = CARTESIAN_POINT('',(-1.175,-2.5E-02,1.6));
#911 = LINE('',#912,#913);
#912 = CARTESIAN_POINT('',(-2.125,-2.5E-02,1.6));
#913 = VECTOR('',#914,1.);
#914 = DIRECTION('',(1.,0.,0.));
#915 = ORIENTED_EDGE('',*,*,#916,.T.);
#916 = EDGE_CURVE('',#909,#917,#919,.T.);
#917 = VERTEX_POINT('',#918);
#918 = CARTESIAN_POINT('',(-1.175,-0.625,1.6));
#919 = LINE('',#920,#921);
#920 = CARTESIAN_POINT('',(-1.175,-2.5E-02,1.6));
#921 = VECTOR('',#922,1.);
#922 = DIRECTION('',(0.,-1.,0.));
#923 = ORIENTED_EDGE('',*,*,#924,.T.);
#924 = EDGE_CURVE('',#917,#925,#927,.T.);
#925 = VERTEX_POINT('',#926);
#926 = CARTESIAN_POINT('',(1.175,-0.625,1.6));
#927 = LINE('',#928,#929);
#928 = CARTESIAN_POINT('',(-1.175,-0.625,1.6));
#929 = VECTOR('',#930,1.);
#930 = DIRECTION('',(1.,0.,0.));
#931 = ORIENTED_EDGE('',*,*,#932,.T.);
#932 = EDGE_CURVE('',#925,#933,#935,.T.);
#933 = VERTEX_POINT('',#934);
#934 = CARTESIAN_POINT('',(1.175,-2.5E-02,1.6));
#935 = LINE('',#936,#937);
#936 = CARTESIAN_POINT('',(1.175,-0.625,1.6));
#937 = VECTOR('',#938,1.);
#938 = DIRECTION('',(0.,1.,0.));
#939 = ORIENTED_EDGE('',*,*,#940,.F.);
#940 = EDGE_CURVE('',#941,#933,#943,.T.);
#941 = VERTEX_POINT('',#942);
#942 = CARTESIAN_POINT('',(2.125,-2.5E-02,1.6));
#943 = LINE('',#944,#945);
#944 = CARTESIAN_POINT('',(2.125,-2.5E-02,1.6));
#945 = VECTOR('',#946,1.);
#946 = DIRECTION('',(-1.,0.,0.));
#947 = ORIENTED_EDGE('',*,*,#948,.T.);
#948 = EDGE_CURVE('',#941,#705,#949,.T.);
#949 = LINE('',#950,#951);
#950 = CARTESIAN_POINT('',(2.125,-2.5E-02,1.6));
#951 = VECTOR('',#952,1.);
#952 = DIRECTION('',(0.,-1.,0.));
#953 = ORIENTED_EDGE('',*,*,#704,.F.);
#954 = ORIENTED_EDGE('',*,*,#821,.T.);
#955 = ORIENTED_EDGE('',*,*,#956,.F.);
#956 = EDGE_CURVE('',#957,#822,#959,.T.);
#957 = VERTEX_POINT('',#958);
#958 = CARTESIAN_POINT('',(0.35,-2.925,1.6));
#959 = LINE('',#960,#961);
#960 = CARTESIAN_POINT('',(0.35,-2.925,1.6));
#961 = VECTOR('',#962,1.);
#962 = DIRECTION('',(1.,0.,0.));
#963 = ORIENTED_EDGE('',*,*,#964,.F.);
#964 = EDGE_CURVE('',#752,#957,#965,.T.);
#965 = LINE('',#966,#967);
#966 = CARTESIAN_POINT('',(0.35,-3.225,1.6));
#967 = VECTOR('',#968,1.);
#968 = DIRECTION('',(0.,1.,0.));
#969 = ORIENTED_EDGE('',*,*,#751,.F.);
#970 = PLANE('',#971);
#971 = AXIS2_PLACEMENT_3D('',#972,#973,#974);
#972 = CARTESIAN_POINT('',(-2.125,0.975,1.6));
#973 = DIRECTION('',(0.,0.,1.));
#974 = DIRECTION('',(0.,-1.,0.));
#975 = ADVANCED_FACE('',(#976),#1026,.F.);
#976 = FACE_BOUND('',#977,.F.);
#977 = EDGE_LOOP('',(#978,#988,#996,#1004,#1012,#1018,#1019,#1020));
#978 = ORIENTED_EDGE('',*,*,#979,.T.);
#979 = EDGE_CURVE('',#980,#982,#984,.T.);
#980 = VERTEX_POINT('',#981);
#981 = CARTESIAN_POINT('',(-0.35,-2.625,-1.6));
#982 = VERTEX_POINT('',#983);
#983 = CARTESIAN_POINT('',(-0.35,-2.625,-1.3));
#984 = LINE('',#985,#986);
#985 = CARTESIAN_POINT('',(-0.35,-2.625,-1.6));
#986 = VECTOR('',#987,1.);
#987 = DIRECTION('',(0.,0.,1.));
#988 = ORIENTED_EDGE('',*,*,#989,.T.);
#989 = EDGE_CURVE('',#982,#990,#992,.T.);
#990 = VERTEX_POINT('',#991);
#991 = CARTESIAN_POINT('',(-0.35,-3.125,-1.3));
#992 = LINE('',#993,#994);
#993 = CARTESIAN_POINT('',(-0.35,-2.625,-1.3));
#994 = VECTOR('',#995,1.);
#995 = DIRECTION('',(0.,-1.,0.));
#996 = ORIENTED_EDGE('',*,*,#997,.T.);
#997 = EDGE_CURVE('',#990,#998,#1000,.T.);
#998 = VERTEX_POINT('',#999);
#999 = CARTESIAN_POINT('',(-0.35,-3.125,0.4));
#1000 = LINE('',#1001,#1002);
#1001 = CARTESIAN_POINT('',(-0.35,-3.125,-1.3));
#1002 = VECTOR('',#1003,1.);
#1003 = DIRECTION('',(0.,0.,1.));
#1004 = ORIENTED_EDGE('',*,*,#1005,.T.);
#1005 = EDGE_CURVE('',#998,#1006,#1008,.T.);
#1006 = VERTEX_POINT('',#1007);
#1007 = CARTESIAN_POINT('',(-0.35,-2.925,0.4));
#1008 = LINE('',#1009,#1010);
#1009 = CARTESIAN_POINT('',(-0.35,-3.125,0.4));
#1010 = VECTOR('',#1011,1.);
#1011 = DIRECTION('',(0.,1.,0.));
#1012 = ORIENTED_EDGE('',*,*,#1013,.T.);
#1013 = EDGE_CURVE('',#1006,#885,#1014,.T.);
#1014 = LINE('',#1015,#1016);
#1015 = CARTESIAN_POINT('',(-0.35,-2.925,0.4));
#1016 = VECTOR('',#1017,1.);
#1017 = DIRECTION('',(0.,0.,1.));
#1018 = ORIENTED_EDGE('',*,*,#884,.F.);
#1019 = ORIENTED_EDGE('',*,*,#741,.T.);
#1020 = ORIENTED_EDGE('',*,*,#1021,.T.);
#1021 = EDGE_CURVE('',#744,#980,#1022,.T.);
#1022 = LINE('',#1023,#1024);
#1023 = CARTESIAN_POINT('',(-0.35,-3.225,-1.6));
#1024 = VECTOR('',#1025,1.);
#1025 = DIRECTION('',(0.,1.,0.));
#1026 = PLANE('',#1027);
#1027 = AXIS2_PLACEMENT_3D('',#1028,#1029,#1030);
#1028 = CARTESIAN_POINT('',(-0.35,0.,0.));
#1029 = DIRECTION('',(1.,0.,0.));
#1030 = DIRECTION('',(-0.,1.,0.));
#1031 = ADVANCED_FACE('',(#1032),#1057,.F.);
#1032 = FACE_BOUND('',#1033,.F.);
#1033 = EDGE_LOOP('',(#1034,#1035,#1043,#1051));
#1034 = ORIENTED_EDGE('',*,*,#979,.F.);
#1035 = ORIENTED_EDGE('',*,*,#1036,.F.);
#1036 = EDGE_CURVE('',#1037,#980,#1039,.T.);
#1037 = VERTEX_POINT('',#1038);
#1038 = CARTESIAN_POINT('',(-0.9,-2.625,-1.6));
#1039 = LINE('',#1040,#1041);
#1040 = CARTESIAN_POINT('',(-0.9,-2.625,-1.6));
#1041 = VECTOR('',#1042,1.);
#1042 = DIRECTION('',(1.,0.,0.));
#1043 = ORIENTED_EDGE('',*,*,#1044,.T.);
#1044 = EDGE_CURVE('',#1037,#1045,#1047,.T.);
#1045 = VERTEX_POINT('',#1046);
#1046 = CARTESIAN_POINT('',(-0.9,-2.625,-1.3));
#1047 = LINE('',#1048,#1049);
#1048 = CARTESIAN_POINT('',(-0.9,-2.625,-1.6));
#1049 = VECTOR('',#1050,1.);
#1050 = DIRECTION('',(0.,0.,1.));
#1051 = ORIENTED_EDGE('',*,*,#1052,.F.);
#1052 = EDGE_CURVE('',#982,#1045,#1053,.T.);
#1053 = LINE('',#1054,#1055);
#1054 = CARTESIAN_POINT('',(-0.35,-2.625,-1.3));
#1055 = VECTOR('',#1056,1.);
#1056 = DIRECTION('',(-1.,0.,0.));
#1057 = PLANE('',#1058);
#1058 = AXIS2_PLACEMENT_3D('',#1059,#1060,#1061);
#1059 = CARTESIAN_POINT('',(-0.35,-2.625,-1.6));
#1060 = DIRECTION('',(0.,1.,0.));
#1061 = DIRECTION('',(0.,-0.,1.));
#1062 = ADVANCED_FACE('',(#1063,#1136),#1170,.T.);
#1063 = FACE_BOUND('',#1064,.F.);
#1064 = EDGE_LOOP('',(#1065,#1066,#1067,#1075,#1081,#1082,#1083,#1091,
    #1099,#1107,#1113,#1114,#1122,#1128,#1129,#1135));
#1065 = ORIENTED_EDGE('',*,*,#1021,.F.);
#1066 = ORIENTED_EDGE('',*,*,#767,.T.);
#1067 = ORIENTED_EDGE('',*,*,#1068,.T.);
#1068 = EDGE_CURVE('',#760,#1069,#1071,.T.);
#1069 = VERTEX_POINT('',#1070);
#1070 = CARTESIAN_POINT('',(0.35,-2.625,-1.6));
#1071 = LINE('',#1072,#1073);
#1072 = CARTESIAN_POINT('',(0.35,-3.225,-1.6));
#1073 = VECTOR('',#1074,1.);
#1074 = DIRECTION('',(0.,1.,0.));
#1075 = ORIENTED_EDGE('',*,*,#1076,.T.);
#1076 = EDGE_CURVE('',#1069,#831,#1077,.T.);
#1077 = LINE('',#1078,#1079);
#1078 = CARTESIAN_POINT('',(0.35,-2.625,-1.6));
#1079 = VECTOR('',#1080,1.);
#1080 = DIRECTION('',(1.,0.,0.));
#1081 = ORIENTED_EDGE('',*,*,#830,.F.);
#1082 = ORIENTED_EDGE('',*,*,#727,.T.);
#1083 = ORIENTED_EDGE('',*,*,#1084,.T.);
#1084 = EDGE_CURVE('',#720,#1085,#1087,.T.);
#1085 = VERTEX_POINT('',#1086);
#1086 = CARTESIAN_POINT('',(1.55,-2.625,-1.6));
#1087 = LINE('',#1088,#1089);
#1088 = CARTESIAN_POINT('',(1.55,-3.225,-1.6));
#1089 = VECTOR('',#1090,1.);
#1090 = DIRECTION('',(0.,1.,0.));
#1091 = ORIENTED_EDGE('',*,*,#1092,.F.);
#1092 = EDGE_CURVE('',#1093,#1085,#1095,.T.);
#1093 = VERTEX_POINT('',#1094);
#1094 = CARTESIAN_POINT('',(2.125,-2.625,-1.6));
#1095 = LINE('',#1096,#1097);
#1096 = CARTESIAN_POINT('',(2.125,-2.625,-1.6));
#1097 = VECTOR('',#1098,1.);
#1098 = DIRECTION('',(-1.,0.,0.));
#1099 = ORIENTED_EDGE('',*,*,#1100,.T.);
#1100 = EDGE_CURVE('',#1093,#1101,#1103,.T.);
#1101 = VERTEX_POINT('',#1102);
#1102 = CARTESIAN_POINT('',(2.125,0.975,-1.6));
#1103 = LINE('',#1104,#1105);
#1104 = CARTESIAN_POINT('',(2.125,-2.625,-1.6));
#1105 = VECTOR('',#1106,1.);
#1106 = DIRECTION('',(0.,1.,0.));
#1107 = ORIENTED_EDGE('',*,*,#1108,.F.);
#1108 = EDGE_CURVE('',#570,#1101,#1109,.T.);
#1109 = LINE('',#1110,#1111);
#1110 = CARTESIAN_POINT('',(-2.125,0.975,-1.6));
#1111 = VECTOR('',#1112,1.);
#1112 = DIRECTION('',(1.,0.,0.));
#1113 = ORIENTED_EDGE('',*,*,#569,.F.);
#1114 = ORIENTED_EDGE('',*,*,#1115,.T.);
#1115 = EDGE_CURVE('',#562,#1116,#1118,.T.);
#1116 = VERTEX_POINT('',#1117);
#1117 = CARTESIAN_POINT('',(-1.55,-2.625,-1.6));
#1118 = LINE('',#1119,#1120);
#1119 = CARTESIAN_POINT('',(-2.125,-2.625,-1.6));
#1120 = VECTOR('',#1121,1.);
#1121 = DIRECTION('',(1.,0.,0.));
#1122 = ORIENTED_EDGE('',*,*,#1123,.F.);
#1123 = EDGE_CURVE('',#792,#1116,#1124,.T.);
#1124 = LINE('',#1125,#1126);
#1125 = CARTESIAN_POINT('',(-1.55,-3.225,-1.6));
#1126 = VECTOR('',#1127,1.);
#1127 = DIRECTION('',(0.,1.,0.));
#1128 = ORIENTED_EDGE('',*,*,#791,.T.);
#1129 = ORIENTED_EDGE('',*,*,#1130,.T.);
#1130 = EDGE_CURVE('',#784,#1037,#1131,.T.);
#1131 = LINE('',#1132,#1133);
#1132 = CARTESIAN_POINT('',(-0.9,-3.225,-1.6));
#1133 = VECTOR('',#1134,1.);
#1134 = DIRECTION('',(0.,1.,0.));
#1135 = ORIENTED_EDGE('',*,*,#1036,.T.);
#1136 = FACE_BOUND('',#1137,.F.);
#1137 = EDGE_LOOP('',(#1138,#1148,#1156,#1164));
#1138 = ORIENTED_EDGE('',*,*,#1139,.T.);
#1139 = EDGE_CURVE('',#1140,#1142,#1144,.T.);
#1140 = VERTEX_POINT('',#1141);
#1141 = CARTESIAN_POINT('',(0.55,-0.475,-1.6));
#1142 = VERTEX_POINT('',#1143);
#1143 = CARTESIAN_POINT('',(0.55,-1.625,-1.6));
#1144 = LINE('',#1145,#1146);
#1145 = CARTESIAN_POINT('',(0.55,-0.475,-1.6));
#1146 = VECTOR('',#1147,1.);
#1147 = DIRECTION('',(0.,-1.,0.));
#1148 = ORIENTED_EDGE('',*,*,#1149,.T.);
#1149 = EDGE_CURVE('',#1142,#1150,#1152,.T.);
#1150 = VERTEX_POINT('',#1151);
#1151 = CARTESIAN_POINT('',(-0.55,-1.625,-1.6));
#1152 = LINE('',#1153,#1154);
#1153 = CARTESIAN_POINT('',(0.55,-1.625,-1.6));
#1154 = VECTOR('',#1155,1.);
#1155 = DIRECTION('',(-1.,0.,0.));
#1156 = ORIENTED_EDGE('',*,*,#1157,.F.);
#1157 = EDGE_CURVE('',#1158,#1150,#1160,.T.);
#1158 = VERTEX_POINT('',#1159);
#1159 = CARTESIAN_POINT('',(-0.55,-0.475,-1.6));
#1160 = LINE('',#1161,#1162);
#1161 = CARTESIAN_POINT('',(-0.55,-0.475,-1.6));
#1162 = VECTOR('',#1163,1.);
#1163 = DIRECTION('',(0.,-1.,0.));
#1164 = ORIENTED_EDGE('',*,*,#1165,.T.);
#1165 = EDGE_CURVE('',#1158,#1140,#1166,.T.);
#1166 = LINE('',#1167,#1168);
#1167 = CARTESIAN_POINT('',(-0.55,-0.475,-1.6));
#1168 = VECTOR('',#1169,1.);
#1169 = DIRECTION('',(1.,0.,0.));
#1170 = PLANE('',#1171);
#1171 = AXIS2_PLACEMENT_3D('',#1172,#1173,#1174);
#1172 = CARTESIAN_POINT('',(-2.125,-3.225,-1.6));
#1173 = DIRECTION('',(0.,0.,-1.));
#1174 = DIRECTION('',(0.,1.,0.));
#1175 = ADVANCED_FACE('',(#1176),#1201,.F.);
#1176 = FACE_BOUND('',#1177,.F.);
#1177 = EDGE_LOOP('',(#1178,#1179,#1187,#1195));
#1178 = ORIENTED_EDGE('',*,*,#1139,.F.);
#1179 = ORIENTED_EDGE('',*,*,#1180,.T.);
#1180 = EDGE_CURVE('',#1140,#1181,#1183,.T.);
#1181 = VERTEX_POINT('',#1182);
#1182 = CARTESIAN_POINT('',(0.55,-0.475,-1.2));
#1183 = LINE('',#1184,#1185);
#1184 = CARTESIAN_POINT('',(0.55,-0.475,-1.6));
#1185 = VECTOR('',#1186,1.);
#1186 = DIRECTION('',(0.,0.,1.));
#1187 = ORIENTED_EDGE('',*,*,#1188,.T.);
#1188 = EDGE_CURVE('',#1181,#1189,#1191,.T.);
#1189 = VERTEX_POINT('',#1190);
#1190 = CARTESIAN_POINT('',(0.55,-1.625,-1.2));
#1191 = LINE('',#1192,#1193);
#1192 = CARTESIAN_POINT('',(0.55,-0.475,-1.2));
#1193 = VECTOR('',#1194,1.);
#1194 = DIRECTION('',(0.,-1.,0.));
#1195 = ORIENTED_EDGE('',*,*,#1196,.F.);
#1196 = EDGE_CURVE('',#1142,#1189,#1197,.T.);
#1197 = LINE('',#1198,#1199);
#1198 = CARTESIAN_POINT('',(0.55,-1.625,-1.6));
#1199 = VECTOR('',#1200,1.);
#1200 = DIRECTION('',(0.,0.,1.));
#1201 = PLANE('',#1202);
#1202 = AXIS2_PLACEMENT_3D('',#1203,#1204,#1205);
#1203 = CARTESIAN_POINT('',(0.55,-0.475,-1.6));
#1204 = DIRECTION('',(1.,0.,0.));
#1205 = DIRECTION('',(0.,-1.,0.));
#1206 = ADVANCED_FACE('',(#1207),#1225,.F.);
#1207 = FACE_BOUND('',#1208,.F.);
#1208 = EDGE_LOOP('',(#1209,#1210,#1218,#1224));
#1209 = ORIENTED_EDGE('',*,*,#1165,.F.);
#1210 = ORIENTED_EDGE('',*,*,#1211,.T.);
#1211 = EDGE_CURVE('',#1158,#1212,#1214,.T.);
#1212 = VERTEX_POINT('',#1213);
#1213 = CARTESIAN_POINT('',(-0.55,-0.475,-1.2));
#1214 = LINE('',#1215,#1216);
#1215 = CARTESIAN_POINT('',(-0.55,-0.475,-1.6));
#1216 = VECTOR('',#1217,1.);
#1217 = DIRECTION('',(0.,0.,1.));
#1218 = ORIENTED_EDGE('',*,*,#1219,.T.);
#1219 = EDGE_CURVE('',#1212,#1181,#1220,.T.);
#1220 = LINE('',#1221,#1222);
#1221 = CARTESIAN_POINT('',(-0.55,-0.475,-1.2));
#1222 = VECTOR('',#1223,1.);
#1223 = DIRECTION('',(1.,0.,0.));
#1224 = ORIENTED_EDGE('',*,*,#1180,.F.);
#1225 = PLANE('',#1226);
#1226 = AXIS2_PLACEMENT_3D('',#1227,#1228,#1229);
#1227 = CARTESIAN_POINT('',(-0.55,-0.475,-1.6));
#1228 = DIRECTION('',(0.,1.,0.));
#1229 = DIRECTION('',(1.,0.,0.));
#1230 = ADVANCED_FACE('',(#1231),#1249,.F.);
#1231 = FACE_BOUND('',#1232,.F.);
#1232 = EDGE_LOOP('',(#1233,#1234,#1242,#1248));
#1233 = ORIENTED_EDGE('',*,*,#1157,.T.);
#1234 = ORIENTED_EDGE('',*,*,#1235,.T.);
#1235 = EDGE_CURVE('',#1150,#1236,#1238,.T.);
#1236 = VERTEX_POINT('',#1237);
#1237 = CARTESIAN_POINT('',(-0.55,-1.625,-1.2));
#1238 = LINE('',#1239,#1240);
#1239 = CARTESIAN_POINT('',(-0.55,-1.625,-1.6));
#1240 = VECTOR('',#1241,1.);
#1241 = DIRECTION('',(0.,0.,1.));
#1242 = ORIENTED_EDGE('',*,*,#1243,.F.);
#1243 = EDGE_CURVE('',#1212,#1236,#1244,.T.);
#1244 = LINE('',#1245,#1246);
#1245 = CARTESIAN_POINT('',(-0.55,-0.475,-1.2));
#1246 = VECTOR('',#1247,1.);
#1247 = DIRECTION('',(0.,-1.,0.));
#1248 = ORIENTED_EDGE('',*,*,#1211,.F.);
#1249 = PLANE('',#1250);
#1250 = AXIS2_PLACEMENT_3D('',#1251,#1252,#1253);
#1251 = CARTESIAN_POINT('',(-0.55,-1.625,-1.6));
#1252 = DIRECTION('',(-1.,0.,0.));
#1253 = DIRECTION('',(0.,1.,0.));
#1254 = ADVANCED_FACE('',(#1255),#1266,.F.);
#1255 = FACE_BOUND('',#1256,.F.);
#1256 = EDGE_LOOP('',(#1257,#1258,#1264,#1265));
#1257 = ORIENTED_EDGE('',*,*,#1196,.T.);
#1258 = ORIENTED_EDGE('',*,*,#1259,.T.);
#1259 = EDGE_CURVE('',#1189,#1236,#1260,.T.);
#1260 = LINE('',#1261,#1262);
#1261 = CARTESIAN_POINT('',(0.55,-1.625,-1.2));
#1262 = VECTOR('',#1263,1.);
#1263 = DIRECTION('',(-1.,0.,0.));
#1264 = ORIENTED_EDGE('',*,*,#1235,.F.);
#1265 = ORIENTED_EDGE('',*,*,#1149,.F.);
#1266 = PLANE('',#1267);
#1267 = AXIS2_PLACEMENT_3D('',#1268,#1269,#1270);
#1268 = CARTESIAN_POINT('',(0.55,-1.625,-1.6));
#1269 = DIRECTION('',(0.,-1.,0.));
#1270 = DIRECTION('',(-1.,0.,0.));
#1271 = ADVANCED_FACE('',(#1272,#1306),#1312,.F.);
#1272 = FACE_BOUND('',#1273,.F.);
#1273 = EDGE_LOOP('',(#1274,#1284,#1292,#1300));
#1274 = ORIENTED_EDGE('',*,*,#1275,.T.);
#1275 = EDGE_CURVE('',#1276,#1278,#1280,.T.);
#1276 = VERTEX_POINT('',#1277);
#1277 = CARTESIAN_POINT('',(-1.525,0.775,-1.2));
#1278 = VERTEX_POINT('',#1279);
#1279 = CARTESIAN_POINT('',(1.525,0.775,-1.2));
#1280 = LINE('',#1281,#1282);
#1281 = CARTESIAN_POINT('',(-1.525,0.775,-1.2));
#1282 = VECTOR('',#1283,1.);
#1283 = DIRECTION('',(1.,0.,0.));
#1284 = ORIENTED_EDGE('',*,*,#1285,.T.);
#1285 = EDGE_CURVE('',#1278,#1286,#1288,.T.);
#1286 = VERTEX_POINT('',#1287);
#1287 = CARTESIAN_POINT('',(1.525,-1.975,-1.2));
#1288 = LINE('',#1289,#1290);
#1289 = CARTESIAN_POINT('',(1.525,0.775,-1.2));
#1290 = VECTOR('',#1291,1.);
#1291 = DIRECTION('',(0.,-1.,0.));
#1292 = ORIENTED_EDGE('',*,*,#1293,.T.);
#1293 = EDGE_CURVE('',#1286,#1294,#1296,.T.);
#1294 = VERTEX_POINT('',#1295);
#1295 = CARTESIAN_POINT('',(-1.525,-1.975,-1.2));
#1296 = LINE('',#1297,#1298);
#1297 = CARTESIAN_POINT('',(1.525,-1.975,-1.2));
#1298 = VECTOR('',#1299,1.);
#1299 = DIRECTION('',(-1.,0.,0.));
#1300 = ORIENTED_EDGE('',*,*,#1301,.F.);
#1301 = EDGE_CURVE('',#1276,#1294,#1302,.T.);
#1302 = LINE('',#1303,#1304);
#1303 = CARTESIAN_POINT('',(-1.525,0.775,-1.2));
#1304 = VECTOR('',#1305,1.);
#1305 = DIRECTION('',(0.,-1.,0.));
#1306 = FACE_BOUND('',#1307,.F.);
#1307 = EDGE_LOOP('',(#1308,#1309,#1310,#1311));
#1308 = ORIENTED_EDGE('',*,*,#1188,.F.);
#1309 = ORIENTED_EDGE('',*,*,#1219,.F.);
#1310 = ORIENTED_EDGE('',*,*,#1243,.T.);
#1311 = ORIENTED_EDGE('',*,*,#1259,.F.);
#1312 = PLANE('',#1313);
#1313 = AXIS2_PLACEMENT_3D('',#1314,#1315,#1316);
#1314 = CARTESIAN_POINT('',(1.525,0.975,-1.2));
#1315 = DIRECTION('',(0.,0.,-1.));
#1316 = DIRECTION('',(-1.,0.,0.));
#1317 = ADVANCED_FACE('',(#1318),#1343,.T.);
#1318 = FACE_BOUND('',#1319,.F.);
#1319 = EDGE_LOOP('',(#1320,#1321,#1329,#1337));
#1320 = ORIENTED_EDGE('',*,*,#1275,.F.);
#1321 = ORIENTED_EDGE('',*,*,#1322,.T.);
#1322 = EDGE_CURVE('',#1276,#1323,#1325,.T.);
#1323 = VERTEX_POINT('',#1324);
#1324 = CARTESIAN_POINT('',(-1.725,0.975,-1.4));
#1325 = LINE('',#1326,#1327);
#1326 = CARTESIAN_POINT('',(-1.525,0.775,-1.2));
#1327 = VECTOR('',#1328,1.);
#1328 = DIRECTION('',(-0.57735026919,0.57735026919,-0.57735026919));
#1329 = ORIENTED_EDGE('',*,*,#1330,.T.);
#1330 = EDGE_CURVE('',#1323,#1331,#1333,.T.);
#1331 = VERTEX_POINT('',#1332);
#1332 = CARTESIAN_POINT('',(1.725,0.975,-1.4));
#1333 = LINE('',#1334,#1335);
#1334 = CARTESIAN_POINT('',(-1.725,0.975,-1.4));
#1335 = VECTOR('',#1336,1.);
#1336 = DIRECTION('',(1.,0.,0.));
#1337 = ORIENTED_EDGE('',*,*,#1338,.F.);
#1338 = EDGE_CURVE('',#1278,#1331,#1339,.T.);
#1339 = LINE('',#1340,#1341);
#1340 = CARTESIAN_POINT('',(1.525,0.775,-1.2));
#1341 = VECTOR('',#1342,1.);
#1342 = DIRECTION('',(0.57735026919,0.57735026919,-0.57735026919));
#1343 = PLANE('',#1344);
#1344 = AXIS2_PLACEMENT_3D('',#1345,#1346,#1347);
#1345 = CARTESIAN_POINT('',(0.,0.875,-1.3));
#1346 = DIRECTION('',(0.,0.707106781187,0.707106781187));
#1347 = DIRECTION('',(0.,-0.707106781187,0.707106781187));
#1348 = ADVANCED_FACE('',(#1349),#1396,.T.);
#1349 = FACE_BOUND('',#1350,.F.);
#1350 = EDGE_LOOP('',(#1351,#1361,#1369,#1382,#1390));
#1351 = ORIENTED_EDGE('',*,*,#1352,.T.);
#1352 = EDGE_CURVE('',#1353,#1355,#1357,.T.);
#1353 = VERTEX_POINT('',#1354);
#1354 = CARTESIAN_POINT('',(-1.725,0.975,1.2));
#1355 = VERTEX_POINT('',#1356);
#1356 = CARTESIAN_POINT('',(-1.725,0.975,0.403478687536));
#1357 = LINE('',#1358,#1359);
#1358 = CARTESIAN_POINT('',(-1.725,0.975,1.2));
#1359 = VECTOR('',#1360,1.);
#1360 = DIRECTION('',(0.,0.,-1.));
#1361 = ORIENTED_EDGE('',*,*,#1362,.T.);
#1362 = EDGE_CURVE('',#1355,#1363,#1365,.T.);
#1363 = VERTEX_POINT('',#1364);
#1364 = CARTESIAN_POINT('',(-1.610920610371,0.860920610371,
    0.376834508984));
#1365 = LINE('',#1366,#1367);
#1366 = CARTESIAN_POINT('',(-1.725,0.975,0.403478687536));
#1367 = VECTOR('',#1368,1.);
#1368 = DIRECTION('',(0.697656591499,-0.697656591499,-0.162943427835));
#1369 = ORIENTED_EDGE('',*,*,#1370,.F.);
#1370 = EDGE_CURVE('',#1371,#1363,#1373,.T.);
#1371 = VERTEX_POINT('',#1372);
#1372 = CARTESIAN_POINT('',(-1.525,0.775,0.445));
#1373 = B_SPLINE_CURVE_WITH_KNOTS('',3,(#1374,#1375,#1376,#1377,#1378,
    #1379,#1380,#1381),.UNSPECIFIED.,.F.,.F.,(4,1,1,1,1,4),(0.,0.125,
    0.25,0.5,0.75,1.),.UNSPECIFIED.);
#1374 = CARTESIAN_POINT('',(-1.525,0.775,0.445));
#1375 = CARTESIAN_POINT('',(-1.525,0.775,0.436192125953));
#1376 = CARTESIAN_POINT('',(-1.527767683496,0.777767683496,
    0.423189907454));
#1377 = CARTESIAN_POINT('',(-1.537036585317,0.787036585317,
    0.403409004847));
#1378 = CARTESIAN_POINT('',(-1.553384037862,0.803384037862,
    0.386619663825));
#1379 = CARTESIAN_POINT('',(-1.578249086455,0.828249086455,
    0.375220669579));
#1380 = CARTESIAN_POINT('',(-1.598630867599,0.848630867599,
    0.373964138606));
#1381 = CARTESIAN_POINT('',(-1.610920610371,0.860920610371,
    0.376834508984));
#1382 = ORIENTED_EDGE('',*,*,#1383,.F.);
#1383 = EDGE_CURVE('',#1384,#1371,#1386,.T.);
#1384 = VERTEX_POINT('',#1385);
#1385 = CARTESIAN_POINT('',(-1.525,0.775,1.2));
#1386 = LINE('',#1387,#1388);
#1387 = CARTESIAN_POINT('',(-1.525,0.775,1.2));
#1388 = VECTOR('',#1389,1.);
#1389 = DIRECTION('',(0.,0.,-1.));
#1390 = ORIENTED_EDGE('',*,*,#1391,.T.);
#1391 = EDGE_CURVE('',#1384,#1353,#1392,.T.);
#1392 = LINE('',#1393,#1394);
#1393 = CARTESIAN_POINT('',(-1.525,0.775,1.2));
#1394 = VECTOR('',#1395,1.);
#1395 = DIRECTION('',(-0.707106781187,0.707106781187,0.));
#1396 = PLANE('',#1397);
#1397 = AXIS2_PLACEMENT_3D('',#1398,#1399,#1400);
#1398 = CARTESIAN_POINT('',(-1.625,0.875,0.));
#1399 = DIRECTION('',(0.707106781187,0.707106781187,0.));
#1400 = DIRECTION('',(0.707106781187,-0.707106781187,0.));
#1401 = ADVANCED_FACE('',(#1402),#1440,.T.);
#1402 = FACE_BOUND('',#1403,.F.);
#1403 = EDGE_LOOP('',(#1404,#1412,#1413,#1421,#1434));
#1404 = ORIENTED_EDGE('',*,*,#1405,.T.);
#1405 = EDGE_CURVE('',#1406,#1323,#1408,.T.);
#1406 = VERTEX_POINT('',#1407);
#1407 = CARTESIAN_POINT('',(-1.725,0.975,-0.403478687536));
#1408 = LINE('',#1409,#1410);
#1409 = CARTESIAN_POINT('',(-1.725,0.975,-0.403478687536));
#1410 = VECTOR('',#1411,1.);
#1411 = DIRECTION('',(0.,0.,-1.));
#1412 = ORIENTED_EDGE('',*,*,#1322,.F.);
#1413 = ORIENTED_EDGE('',*,*,#1414,.F.);
#1414 = EDGE_CURVE('',#1415,#1276,#1417,.T.);
#1415 = VERTEX_POINT('',#1416);
#1416 = CARTESIAN_POINT('',(-1.525,0.775,-0.445));
#1417 = LINE('',#1418,#1419);
#1418 = CARTESIAN_POINT('',(-1.525,0.775,-0.445));
#1419 = VECTOR('',#1420,1.);
#1420 = DIRECTION('',(0.,0.,-1.));
#1421 = ORIENTED_EDGE('',*,*,#1422,.F.);
#1422 = EDGE_CURVE('',#1423,#1415,#1425,.T.);
#1423 = VERTEX_POINT('',#1424);
#1424 = CARTESIAN_POINT('',(-1.610920610371,0.860920610371,
    -0.376834508984));
#1425 = B_SPLINE_CURVE_WITH_KNOTS('',3,(#1426,#1427,#1428,#1429,#1430,
    #1431,#1432,#1433),.UNSPECIFIED.,.F.,.F.,(4,1,1,1,1,4),(0.,0.25,0.5,
    0.75,0.875,1.),.UNSPECIFIED.);
#1426 = CARTESIAN_POINT('',(-1.610920610371,0.860920610371,
    -0.376834508984));
#1427 = CARTESIAN_POINT('',(-1.598630867599,0.848630867599,
    -0.373964138606));
#1428 = CARTESIAN_POINT('',(-1.578249086455,0.828249086455,
    -0.375220669579));
#1429 = CARTESIAN_POINT('',(-1.553384037862,0.803384037862,
    -0.386619663825));
#1430 = CARTESIAN_POINT('',(-1.537036585317,0.787036585317,
    -0.403409004847));
#1431 = CARTESIAN_POINT('',(-1.527767683496,0.777767683496,
    -0.423189907454));
#1432 = CARTESIAN_POINT('',(-1.525,0.775,-0.436192125953));
#1433 = CARTESIAN_POINT('',(-1.525,0.775,-0.445));
#1434 = ORIENTED_EDGE('',*,*,#1435,.F.);
#1435 = EDGE_CURVE('',#1406,#1423,#1436,.T.);
#1436 = LINE('',#1437,#1438);
#1437 = CARTESIAN_POINT('',(-1.725,0.975,-0.403478687536));
#1438 = VECTOR('',#1439,1.);
#1439 = DIRECTION('',(0.697656591499,-0.697656591499,0.162943427835));
#1440 = PLANE('',#1441);
#1441 = AXIS2_PLACEMENT_3D('',#1442,#1443,#1444);
#1442 = CARTESIAN_POINT('',(-1.625,0.875,0.));
#1443 = DIRECTION('',(0.707106781187,0.707106781187,0.));
#1444 = DIRECTION('',(0.707106781187,-0.707106781187,0.));
#1445 = ADVANCED_FACE('',(#1446),#1535,.T.);
#1446 = FACE_BOUND('',#1447,.F.);
#1447 = EDGE_LOOP('',(#1448,#1458,#1466,#1472,#1473,#1474,#1482,#1490,
    #1496,#1497,#1503,#1504,#1505,#1513,#1521,#1529));
#1448 = ORIENTED_EDGE('',*,*,#1449,.T.);
#1449 = EDGE_CURVE('',#1450,#1452,#1454,.T.);
#1450 = VERTEX_POINT('',#1451);
#1451 = CARTESIAN_POINT('',(1.825,0.975,0.426834508984));
#1452 = VERTEX_POINT('',#1453);
#1453 = CARTESIAN_POINT('',(1.825,0.975,-0.426834508984));
#1454 = LINE('',#1455,#1456);
#1455 = CARTESIAN_POINT('',(1.825,0.975,0.426834508984));
#1456 = VECTOR('',#1457,1.);
#1457 = DIRECTION('',(0.,0.,-1.));
#1458 = ORIENTED_EDGE('',*,*,#1459,.T.);
#1459 = EDGE_CURVE('',#1452,#1460,#1462,.T.);
#1460 = VERTEX_POINT('',#1461);
#1461 = CARTESIAN_POINT('',(1.725,0.975,-0.403478687536));
#1462 = LINE('',#1463,#1464);
#1463 = CARTESIAN_POINT('',(1.825,0.975,-0.426834508984));
#1464 = VECTOR('',#1465,1.);
#1465 = DIRECTION('',(-0.973792728795,0.,0.227437291017));
#1466 = ORIENTED_EDGE('',*,*,#1467,.F.);
#1467 = EDGE_CURVE('',#1331,#1460,#1468,.T.);
#1468 = LINE('',#1469,#1470);
#1469 = CARTESIAN_POINT('',(1.725,0.975,-1.4));
#1470 = VECTOR('',#1471,1.);
#1471 = DIRECTION('',(0.,0.,1.));
#1472 = ORIENTED_EDGE('',*,*,#1330,.F.);
#1473 = ORIENTED_EDGE('',*,*,#1405,.F.);
#1474 = ORIENTED_EDGE('',*,*,#1475,.T.);
#1475 = EDGE_CURVE('',#1406,#1476,#1478,.T.);
#1476 = VERTEX_POINT('',#1477);
#1477 = CARTESIAN_POINT('',(-1.825,0.975,-0.426834508984));
#1478 = LINE('',#1479,#1480);
#1479 = CARTESIAN_POINT('',(-1.725,0.975,-0.403478687536));
#1480 = VECTOR('',#1481,1.);
#1481 = DIRECTION('',(-0.973792728795,0.,-0.227437291017));
#1482 = ORIENTED_EDGE('',*,*,#1483,.T.);
#1483 = EDGE_CURVE('',#1476,#1484,#1486,.T.);
#1484 = VERTEX_POINT('',#1485);
#1485 = CARTESIAN_POINT('',(-1.825,0.975,0.426834508984));
#1486 = LINE('',#1487,#1488);
#1487 = CARTESIAN_POINT('',(-1.825,0.975,-0.426834508984));
#1488 = VECTOR('',#1489,1.);
#1489 = DIRECTION('',(0.,0.,1.));
#1490 = ORIENTED_EDGE('',*,*,#1491,.T.);
#1491 = EDGE_CURVE('',#1484,#1355,#1492,.T.);
#1492 = LINE('',#1493,#1494);
#1493 = CARTESIAN_POINT('',(-1.825,0.975,0.426834508984));
#1494 = VECTOR('',#1495,1.);
#1495 = DIRECTION('',(0.973792728795,0.,-0.227437291017));
#1496 = ORIENTED_EDGE('',*,*,#1352,.F.);
#1497 = ORIENTED_EDGE('',*,*,#1498,.F.);
#1498 = EDGE_CURVE('',#578,#1353,#1499,.T.);
#1499 = LINE('',#1500,#1501);
#1500 = CARTESIAN_POINT('',(-2.125,0.975,1.2));
#1501 = VECTOR('',#1502,1.);
#1502 = DIRECTION('',(1.,0.,0.));
#1503 = ORIENTED_EDGE('',*,*,#577,.F.);
#1504 = ORIENTED_EDGE('',*,*,#1108,.T.);
#1505 = ORIENTED_EDGE('',*,*,#1506,.T.);
#1506 = EDGE_CURVE('',#1101,#1507,#1509,.T.);
#1507 = VERTEX_POINT('',#1508);
#1508 = CARTESIAN_POINT('',(2.125,0.975,1.2));
#1509 = LINE('',#1510,#1511);
#1510 = CARTESIAN_POINT('',(2.125,0.975,-1.6));
#1511 = VECTOR('',#1512,1.);
#1512 = DIRECTION('',(0.,0.,1.));
#1513 = ORIENTED_EDGE('',*,*,#1514,.F.);
#1514 = EDGE_CURVE('',#1515,#1507,#1517,.T.);
#1515 = VERTEX_POINT('',#1516);
#1516 = CARTESIAN_POINT('',(1.725,0.975,1.2));
#1517 = LINE('',#1518,#1519);
#1518 = CARTESIAN_POINT('',(1.725,0.975,1.2));
#1519 = VECTOR('',#1520,1.);
#1520 = DIRECTION('',(1.,0.,0.));
#1521 = ORIENTED_EDGE('',*,*,#1522,.F.);
#1522 = EDGE_CURVE('',#1523,#1515,#1525,.T.);
#1523 = VERTEX_POINT('',#1524);
#1524 = CARTESIAN_POINT('',(1.725,0.975,0.403478687536));
#1525 = LINE('',#1526,#1527);
#1526 = CARTESIAN_POINT('',(1.725,0.975,0.403478687536));
#1527 = VECTOR('',#1528,1.);
#1528 = DIRECTION('',(0.,0.,1.));
#1529 = ORIENTED_EDGE('',*,*,#1530,.T.);
#1530 = EDGE_CURVE('',#1523,#1450,#1531,.T.);
#1531 = LINE('',#1532,#1533);
#1532 = CARTESIAN_POINT('',(1.725,0.975,0.403478687536));
#1533 = VECTOR('',#1534,1.);
#1534 = DIRECTION('',(0.973792728795,0.,0.227437291017));
#1535 = PLANE('',#1536);
#1536 = AXIS2_PLACEMENT_3D('',#1537,#1538,#1539);
#1537 = CARTESIAN_POINT('',(-2.125,0.975,-1.6));
#1538 = DIRECTION('',(0.,1.,0.));
#1539 = DIRECTION('',(0.,-0.,1.));
#1540 = ADVANCED_FACE('',(#1541),#1566,.F.);
#1541 = FACE_BOUND('',#1542,.F.);
#1542 = EDGE_LOOP('',(#1543,#1551,#1559,#1565));
#1543 = ORIENTED_EDGE('',*,*,#1544,.T.);
#1544 = EDGE_CURVE('',#1450,#1545,#1547,.T.);
#1545 = VERTEX_POINT('',#1546);
#1546 = CARTESIAN_POINT('',(1.825,-1.975,0.426834508984));
#1547 = LINE('',#1548,#1549);
#1548 = CARTESIAN_POINT('',(1.825,0.975,0.426834508984));
#1549 = VECTOR('',#1550,1.);
#1550 = DIRECTION('',(0.,-1.,0.));
#1551 = ORIENTED_EDGE('',*,*,#1552,.T.);
#1552 = EDGE_CURVE('',#1545,#1553,#1555,.T.);
#1553 = VERTEX_POINT('',#1554);
#1554 = CARTESIAN_POINT('',(1.825,-1.975,-0.426834508984));
#1555 = LINE('',#1556,#1557);
#1556 = CARTESIAN_POINT('',(1.825,-1.975,0.426834508984));
#1557 = VECTOR('',#1558,1.);
#1558 = DIRECTION('',(0.,0.,-1.));
#1559 = ORIENTED_EDGE('',*,*,#1560,.F.);
#1560 = EDGE_CURVE('',#1452,#1553,#1561,.T.);
#1561 = LINE('',#1562,#1563);
#1562 = CARTESIAN_POINT('',(1.825,0.975,-0.426834508984));
#1563 = VECTOR('',#1564,1.);
#1564 = DIRECTION('',(0.,-1.,0.));
#1565 = ORIENTED_EDGE('',*,*,#1449,.F.);
#1566 = PLANE('',#1567);
#1567 = AXIS2_PLACEMENT_3D('',#1568,#1569,#1570);
#1568 = CARTESIAN_POINT('',(1.825,0.975,0.426834508984));
#1569 = DIRECTION('',(1.,0.,0.));
#1570 = DIRECTION('',(0.,0.,-1.));
#1571 = ADVANCED_FACE('',(#1572),#1598,.F.);
#1572 = FACE_BOUND('',#1573,.F.);
#1573 = EDGE_LOOP('',(#1574,#1575,#1576,#1584,#1592));
#1574 = ORIENTED_EDGE('',*,*,#1544,.F.);
#1575 = ORIENTED_EDGE('',*,*,#1530,.F.);
#1576 = ORIENTED_EDGE('',*,*,#1577,.T.);
#1577 = EDGE_CURVE('',#1523,#1578,#1580,.T.);
#1578 = VERTEX_POINT('',#1579);
#1579 = CARTESIAN_POINT('',(1.610920610371,0.860920610371,0.376834508984
    ));
#1580 = LINE('',#1581,#1582);
#1581 = CARTESIAN_POINT('',(1.725,0.975,0.403478687536));
#1582 = VECTOR('',#1583,1.);
#1583 = DIRECTION('',(-0.697656591499,-0.697656591499,-0.162943427835));
#1584 = ORIENTED_EDGE('',*,*,#1585,.T.);
#1585 = EDGE_CURVE('',#1578,#1586,#1588,.T.);
#1586 = VERTEX_POINT('',#1587);
#1587 = CARTESIAN_POINT('',(1.610920610371,-1.975,0.376834508984));
#1588 = LINE('',#1589,#1590);
#1589 = CARTESIAN_POINT('',(1.610920610371,0.860920610371,0.376834508984
    ));
#1590 = VECTOR('',#1591,1.);
#1591 = DIRECTION('',(0.,-1.,0.));
#1592 = ORIENTED_EDGE('',*,*,#1593,.T.);
#1593 = EDGE_CURVE('',#1586,#1545,#1594,.T.);
#1594 = LINE('',#1595,#1596);
#1595 = CARTESIAN_POINT('',(1.610920610371,-1.975,0.376834508984));
#1596 = VECTOR('',#1597,1.);
#1597 = DIRECTION('',(0.973792728795,0.,0.227437291017));
#1598 = PLANE('',#1599);
#1599 = AXIS2_PLACEMENT_3D('',#1600,#1601,#1602);
#1600 = CARTESIAN_POINT('',(1.610920610371,0.975,0.376834508984));
#1601 = DIRECTION('',(-0.227437291017,0.,0.973792728795));
#1602 = DIRECTION('',(0.973792728795,0.,0.227437291017));
#1603 = ADVANCED_FACE('',(#1604),#1635,.T.);
#1604 = FACE_BOUND('',#1605,.F.);
#1605 = EDGE_LOOP('',(#1606,#1614,#1627,#1633,#1634));
#1606 = ORIENTED_EDGE('',*,*,#1607,.T.);
#1607 = EDGE_CURVE('',#1460,#1608,#1610,.T.);
#1608 = VERTEX_POINT('',#1609);
#1609 = CARTESIAN_POINT('',(1.610920610371,0.860920610371,
    -0.376834508984));
#1610 = LINE('',#1611,#1612);
#1611 = CARTESIAN_POINT('',(1.725,0.975,-0.403478687536));
#1612 = VECTOR('',#1613,1.);
#1613 = DIRECTION('',(-0.697656591499,-0.697656591499,0.162943427835));
#1614 = ORIENTED_EDGE('',*,*,#1615,.F.);
#1615 = EDGE_CURVE('',#1616,#1608,#1618,.T.);
#1616 = VERTEX_POINT('',#1617);
#1617 = CARTESIAN_POINT('',(1.525,0.775,-0.445));
#1618 = B_SPLINE_CURVE_WITH_KNOTS('',3,(#1619,#1620,#1621,#1622,#1623,
    #1624,#1625,#1626),.UNSPECIFIED.,.F.,.F.,(4,1,1,1,1,4),(0.,0.125,
    0.25,0.5,0.75,1.),.UNSPECIFIED.);
#1619 = CARTESIAN_POINT('',(1.525,0.775,-0.445));
#1620 = CARTESIAN_POINT('',(1.525,0.775,-0.436192125953));
#1621 = CARTESIAN_POINT('',(1.527767683496,0.777767683496,
    -0.423189907454));
#1622 = CARTESIAN_POINT('',(1.537036585317,0.787036585317,
    -0.403409004847));
#1623 = CARTESIAN_POINT('',(1.553384037862,0.803384037862,
    -0.386619663825));
#1624 = CARTESIAN_POINT('',(1.578249086455,0.828249086455,
    -0.375220669579));
#1625 = CARTESIAN_POINT('',(1.598630867599,0.848630867599,
    -0.373964138606));
#1626 = CARTESIAN_POINT('',(1.610920610371,0.860920610371,
    -0.376834508984));
#1627 = ORIENTED_EDGE('',*,*,#1628,.F.);
#1628 = EDGE_CURVE('',#1278,#1616,#1629,.T.);
#1629 = LINE('',#1630,#1631);
#1630 = CARTESIAN_POINT('',(1.525,0.775,-1.2));
#1631 = VECTOR('',#1632,1.);
#1632 = DIRECTION('',(0.,0.,1.));
#1633 = ORIENTED_EDGE('',*,*,#1338,.T.);
#1634 = ORIENTED_EDGE('',*,*,#1467,.T.);
#1635 = PLANE('',#1636);
#1636 = AXIS2_PLACEMENT_3D('',#1637,#1638,#1639);
#1637 = CARTESIAN_POINT('',(1.625,0.875,0.));
#1638 = DIRECTION('',(-0.707106781187,0.707106781187,0.));
#1639 = DIRECTION('',(-0.707106781187,-0.707106781187,0.));
#1640 = ADVANCED_FACE('',(#1641),#1672,.T.);
#1641 = FACE_BOUND('',#1642,.F.);
#1642 = EDGE_LOOP('',(#1643,#1644,#1645,#1653,#1661));
#1643 = ORIENTED_EDGE('',*,*,#1577,.F.);
#1644 = ORIENTED_EDGE('',*,*,#1522,.T.);
#1645 = ORIENTED_EDGE('',*,*,#1646,.T.);
#1646 = EDGE_CURVE('',#1515,#1647,#1649,.T.);
#1647 = VERTEX_POINT('',#1648);
#1648 = CARTESIAN_POINT('',(1.525,0.775,1.2));
#1649 = LINE('',#1650,#1651);
#1650 = CARTESIAN_POINT('',(1.725,0.975,1.2));
#1651 = VECTOR('',#1652,1.);
#1652 = DIRECTION('',(-0.707106781187,-0.707106781187,0.));
#1653 = ORIENTED_EDGE('',*,*,#1654,.F.);
#1654 = EDGE_CURVE('',#1655,#1647,#1657,.T.);
#1655 = VERTEX_POINT('',#1656);
#1656 = CARTESIAN_POINT('',(1.525,0.775,0.445));
#1657 = LINE('',#1658,#1659);
#1658 = CARTESIAN_POINT('',(1.525,0.775,0.445));
#1659 = VECTOR('',#1660,1.);
#1660 = DIRECTION('',(0.,0.,1.));
#1661 = ORIENTED_EDGE('',*,*,#1662,.F.);
#1662 = EDGE_CURVE('',#1578,#1655,#1663,.T.);
#1663 = B_SPLINE_CURVE_WITH_KNOTS('',3,(#1664,#1665,#1666,#1667,#1668,
    #1669,#1670,#1671),.UNSPECIFIED.,.F.,.F.,(4,1,1,1,1,4),(0.,0.25,0.5,
    0.75,0.875,1.),.UNSPECIFIED.);
#1664 = CARTESIAN_POINT('',(1.610920610371,0.860920610371,0.376834508984
    ));
#1665 = CARTESIAN_POINT('',(1.598630867599,0.848630867599,0.373964138606
    ));
#1666 = CARTESIAN_POINT('',(1.578249086455,0.828249086455,0.375220669579
    ));
#1667 = CARTESIAN_POINT('',(1.553384037862,0.803384037862,0.386619663825
    ));
#1668 = CARTESIAN_POINT('',(1.537036585317,0.787036585317,0.403409004847
    ));
#1669 = CARTESIAN_POINT('',(1.527767683496,0.777767683496,0.423189907454
    ));
#1670 = CARTESIAN_POINT('',(1.525,0.775,0.436192125953));
#1671 = CARTESIAN_POINT('',(1.525,0.775,0.445));
#1672 = PLANE('',#1673);
#1673 = AXIS2_PLACEMENT_3D('',#1674,#1675,#1676);
#1674 = CARTESIAN_POINT('',(1.625,0.875,0.));
#1675 = DIRECTION('',(-0.707106781187,0.707106781187,0.));
#1676 = DIRECTION('',(-0.707106781187,-0.707106781187,0.));
#1677 = ADVANCED_FACE('',(#1678),#1697,.F.);
#1678 = FACE_BOUND('',#1679,.F.);
#1679 = EDGE_LOOP('',(#1680,#1681,#1689,#1695,#1696));
#1680 = ORIENTED_EDGE('',*,*,#1560,.T.);
#1681 = ORIENTED_EDGE('',*,*,#1682,.T.);
#1682 = EDGE_CURVE('',#1553,#1683,#1685,.T.);
#1683 = VERTEX_POINT('',#1684);
#1684 = CARTESIAN_POINT('',(1.610920610371,-1.975,-0.376834508984));
#1685 = LINE('',#1686,#1687);
#1686 = CARTESIAN_POINT('',(1.825,-1.975,-0.426834508984));
#1687 = VECTOR('',#1688,1.);
#1688 = DIRECTION('',(-0.973792728795,0.,0.227437291017));
#1689 = ORIENTED_EDGE('',*,*,#1690,.F.);
#1690 = EDGE_CURVE('',#1608,#1683,#1691,.T.);
#1691 = LINE('',#1692,#1693);
#1692 = CARTESIAN_POINT('',(1.610920610371,0.860920610371,
    -0.376834508984));
#1693 = VECTOR('',#1694,1.);
#1694 = DIRECTION('',(0.,-1.,0.));
#1695 = ORIENTED_EDGE('',*,*,#1607,.F.);
#1696 = ORIENTED_EDGE('',*,*,#1459,.F.);
#1697 = PLANE('',#1698);
#1698 = AXIS2_PLACEMENT_3D('',#1699,#1700,#1701);
#1699 = CARTESIAN_POINT('',(1.825,0.975,-0.426834508984));
#1700 = DIRECTION('',(-0.227437291017,0.,-0.973792728795));
#1701 = DIRECTION('',(-0.973792728795,0.,0.227437291017));
#1702 = ADVANCED_FACE('',(#1703,#1805,#1839),#1873,.T.);
#1703 = FACE_BOUND('',#1704,.F.);
#1704 = EDGE_LOOP('',(#1705,#1715,#1724,#1732,#1740,#1748,#1757,#1763,
    #1764,#1772,#1779,#1780,#1781,#1782,#1791,#1799));
#1705 = ORIENTED_EDGE('',*,*,#1706,.F.);
#1706 = EDGE_CURVE('',#1707,#1709,#1711,.T.);
#1707 = VERTEX_POINT('',#1708);
#1708 = CARTESIAN_POINT('',(-1.525,-1.975,0.445));
#1709 = VERTEX_POINT('',#1710);
#1710 = CARTESIAN_POINT('',(-1.525,-1.975,1.2));
#1711 = LINE('',#1712,#1713);
#1712 = CARTESIAN_POINT('',(-1.525,-1.975,0.445));
#1713 = VECTOR('',#1714,1.);
#1714 = DIRECTION('',(0.,0.,1.));
#1715 = ORIENTED_EDGE('',*,*,#1716,.F.);
#1716 = EDGE_CURVE('',#1717,#1707,#1719,.T.);
#1717 = VERTEX_POINT('',#1718);
#1718 = CARTESIAN_POINT('',(-1.610920610371,-1.975,0.376834508984));
#1719 = CIRCLE('',#1720,7.E-02);
#1720 = AXIS2_PLACEMENT_3D('',#1721,#1722,#1723);
#1721 = CARTESIAN_POINT('',(-1.595,-1.975,0.445));
#1722 = DIRECTION('',(0.,-1.,0.));
#1723 = DIRECTION('',(-0.227437291017,-0.,-0.973792728795));
#1724 = ORIENTED_EDGE('',*,*,#1725,.F.);
#1725 = EDGE_CURVE('',#1726,#1717,#1728,.T.);
#1726 = VERTEX_POINT('',#1727);
#1727 = CARTESIAN_POINT('',(-1.825,-1.975,0.426834508984));
#1728 = LINE('',#1729,#1730);
#1729 = CARTESIAN_POINT('',(-1.825,-1.975,0.426834508984));
#1730 = VECTOR('',#1731,1.);
#1731 = DIRECTION('',(0.973792728795,0.,-0.227437291017));
#1732 = ORIENTED_EDGE('',*,*,#1733,.F.);
#1733 = EDGE_CURVE('',#1734,#1726,#1736,.T.);
#1734 = VERTEX_POINT('',#1735);
#1735 = CARTESIAN_POINT('',(-1.825,-1.975,-0.426834508984));
#1736 = LINE('',#1737,#1738);
#1737 = CARTESIAN_POINT('',(-1.825,-1.975,-0.426834508984));
#1738 = VECTOR('',#1739,1.);
#1739 = DIRECTION('',(0.,0.,1.));
#1740 = ORIENTED_EDGE('',*,*,#1741,.F.);
#1741 = EDGE_CURVE('',#1742,#1734,#1744,.T.);
#1742 = VERTEX_POINT('',#1743);
#1743 = CARTESIAN_POINT('',(-1.610920610371,-1.975,-0.376834508984));
#1744 = LINE('',#1745,#1746);
#1745 = CARTESIAN_POINT('',(-1.610920610371,-1.975,-0.376834508984));
#1746 = VECTOR('',#1747,1.);
#1747 = DIRECTION('',(-0.973792728795,0.,-0.227437291017));
#1748 = ORIENTED_EDGE('',*,*,#1749,.F.);
#1749 = EDGE_CURVE('',#1750,#1742,#1752,.T.);
#1750 = VERTEX_POINT('',#1751);
#1751 = CARTESIAN_POINT('',(-1.525,-1.975,-0.445));
#1752 = CIRCLE('',#1753,7.E-02);
#1753 = AXIS2_PLACEMENT_3D('',#1754,#1755,#1756);
#1754 = CARTESIAN_POINT('',(-1.595,-1.975,-0.445));
#1755 = DIRECTION('',(0.,-1.,0.));
#1756 = DIRECTION('',(1.,0.,2.22044604925E-14));
#1757 = ORIENTED_EDGE('',*,*,#1758,.F.);
#1758 = EDGE_CURVE('',#1294,#1750,#1759,.T.);
#1759 = LINE('',#1760,#1761);
#1760 = CARTESIAN_POINT('',(-1.525,-1.975,-1.2));
#1761 = VECTOR('',#1762,1.);
#1762 = DIRECTION('',(0.,0.,1.));
#1763 = ORIENTED_EDGE('',*,*,#1293,.F.);
#1764 = ORIENTED_EDGE('',*,*,#1765,.F.);
#1765 = EDGE_CURVE('',#1766,#1286,#1768,.T.);
#1766 = VERTEX_POINT('',#1767);
#1767 = CARTESIAN_POINT('',(1.525,-1.975,-0.445));
#1768 = LINE('',#1769,#1770);
#1769 = CARTESIAN_POINT('',(1.525,-1.975,-0.445));
#1770 = VECTOR('',#1771,1.);
#1771 = DIRECTION('',(0.,0.,-1.));
#1772 = ORIENTED_EDGE('',*,*,#1773,.F.);
#1773 = EDGE_CURVE('',#1683,#1766,#1774,.T.);
#1774 = CIRCLE('',#1775,7.E-02);
#1775 = AXIS2_PLACEMENT_3D('',#1776,#1777,#1778);
#1776 = CARTESIAN_POINT('',(1.595,-1.975,-0.445));
#1777 = DIRECTION('',(0.,-1.,0.));
#1778 = DIRECTION('',(0.227437291017,0.,0.973792728795));
#1779 = ORIENTED_EDGE('',*,*,#1682,.F.);
#1780 = ORIENTED_EDGE('',*,*,#1552,.F.);
#1781 = ORIENTED_EDGE('',*,*,#1593,.F.);
#1782 = ORIENTED_EDGE('',*,*,#1783,.F.);
#1783 = EDGE_CURVE('',#1784,#1586,#1786,.T.);
#1784 = VERTEX_POINT('',#1785);
#1785 = CARTESIAN_POINT('',(1.525,-1.975,0.445));
#1786 = CIRCLE('',#1787,7.E-02);
#1787 = AXIS2_PLACEMENT_3D('',#1788,#1789,#1790);
#1788 = CARTESIAN_POINT('',(1.595,-1.975,0.445));
#1789 = DIRECTION('',(0.,-1.,0.));
#1790 = DIRECTION('',(-1.,0.,4.440892098501E-14));
#1791 = ORIENTED_EDGE('',*,*,#1792,.F.);
#1792 = EDGE_CURVE('',#1793,#1784,#1795,.T.);
#1793 = VERTEX_POINT('',#1794);
#1794 = CARTESIAN_POINT('',(1.525,-1.975,1.2));
#1795 = LINE('',#1796,#1797);
#1796 = CARTESIAN_POINT('',(1.525,-1.975,1.2));
#1797 = VECTOR('',#1798,1.);
#1798 = DIRECTION('',(0.,0.,-1.));
#1799 = ORIENTED_EDGE('',*,*,#1800,.F.);
#1800 = EDGE_CURVE('',#1709,#1793,#1801,.T.);
#1801 = LINE('',#1802,#1803);
#1802 = CARTESIAN_POINT('',(-1.525,-1.975,1.2));
#1803 = VECTOR('',#1804,1.);
#1804 = DIRECTION('',(1.,0.,0.));
#1805 = FACE_BOUND('',#1806,.F.);
#1806 = EDGE_LOOP('',(#1807,#1817,#1825,#1833));
#1807 = ORIENTED_EDGE('',*,*,#1808,.T.);
#1808 = EDGE_CURVE('',#1809,#1811,#1813,.T.);
#1809 = VERTEX_POINT('',#1810);
#1810 = CARTESIAN_POINT('',(0.465,-1.975,-0.825));
#1811 = VERTEX_POINT('',#1812);
#1812 = CARTESIAN_POINT('',(0.465,-1.975,-7.5E-02));
#1813 = LINE('',#1814,#1815);
#1814 = CARTESIAN_POINT('',(0.465,-1.975,-0.825));
#1815 = VECTOR('',#1816,1.);
#1816 = DIRECTION('',(0.,0.,1.));
#1817 = ORIENTED_EDGE('',*,*,#1818,.T.);
#1818 = EDGE_CURVE('',#1811,#1819,#1821,.T.);
#1819 = VERTEX_POINT('',#1820);
#1820 = CARTESIAN_POINT('',(0.785,-1.975,-7.5E-02));
#1821 = LINE('',#1822,#1823);
#1822 = CARTESIAN_POINT('',(0.465,-1.975,-7.5E-02));
#1823 = VECTOR('',#1824,1.);
#1824 = DIRECTION('',(1.,0.,0.));
#1825 = ORIENTED_EDGE('',*,*,#1826,.T.);
#1826 = EDGE_CURVE('',#1819,#1827,#1829,.T.);
#1827 = VERTEX_POINT('',#1828);
#1828 = CARTESIAN_POINT('',(0.785,-1.975,-0.825));
#1829 = LINE('',#1830,#1831);
#1830 = CARTESIAN_POINT('',(0.785,-1.975,-7.5E-02));
#1831 = VECTOR('',#1832,1.);
#1832 = DIRECTION('',(0.,0.,-1.));
#1833 = ORIENTED_EDGE('',*,*,#1834,.T.);
#1834 = EDGE_CURVE('',#1827,#1809,#1835,.T.);
#1835 = LINE('',#1836,#1837);
#1836 = CARTESIAN_POINT('',(0.785,-1.975,-0.825));
#1837 = VECTOR('',#1838,1.);
#1838 = DIRECTION('',(-1.,0.,0.));
#1839 = FACE_BOUND('',#1840,.F.);
#1840 = EDGE_LOOP('',(#1841,#1851,#1859,#1867));
#1841 = ORIENTED_EDGE('',*,*,#1842,.T.);
#1842 = EDGE_CURVE('',#1843,#1845,#1847,.T.);
#1843 = VERTEX_POINT('',#1844);
#1844 = CARTESIAN_POINT('',(-0.785,-1.975,-0.825));
#1845 = VERTEX_POINT('',#1846);
#1846 = CARTESIAN_POINT('',(-0.785,-1.975,-7.5E-02));
#1847 = LINE('',#1848,#1849);
#1848 = CARTESIAN_POINT('',(-0.785,-1.975,-0.825));
#1849 = VECTOR('',#1850,1.);
#1850 = DIRECTION('',(0.,0.,1.));
#1851 = ORIENTED_EDGE('',*,*,#1852,.T.);
#1852 = EDGE_CURVE('',#1845,#1853,#1855,.T.);
#1853 = VERTEX_POINT('',#1854);
#1854 = CARTESIAN_POINT('',(-0.465,-1.975,-7.5E-02));
#1855 = LINE('',#1856,#1857);
#1856 = CARTESIAN_POINT('',(-0.785,-1.975,-7.5E-02));
#1857 = VECTOR('',#1858,1.);
#1858 = DIRECTION('',(1.,0.,0.));
#1859 = ORIENTED_EDGE('',*,*,#1860,.T.);
#1860 = EDGE_CURVE('',#1853,#1861,#1863,.T.);
#1861 = VERTEX_POINT('',#1862);
#1862 = CARTESIAN_POINT('',(-0.465,-1.975,-0.825));
#1863 = LINE('',#1864,#1865);
#1864 = CARTESIAN_POINT('',(-0.465,-1.975,-7.5E-02));
#1865 = VECTOR('',#1866,1.);
#1866 = DIRECTION('',(0.,0.,-1.));
#1867 = ORIENTED_EDGE('',*,*,#1868,.T.);
#1868 = EDGE_CURVE('',#1861,#1843,#1869,.T.);
#1869 = LINE('',#1870,#1871);
#1870 = CARTESIAN_POINT('',(-0.465,-1.975,-0.825));
#1871 = VECTOR('',#1872,1.);
#1872 = DIRECTION('',(-1.,0.,0.));
#1873 = PLANE('',#1874);
#1874 = AXIS2_PLACEMENT_3D('',#1875,#1876,#1877);
#1875 = CARTESIAN_POINT('',(-2.125,-1.975,-1.6));
#1876 = DIRECTION('',(0.,1.,0.));
#1877 = DIRECTION('',(1.,0.,0.));
#1878 = ADVANCED_FACE('',(#1879),#1890,.F.);
#1879 = FACE_BOUND('',#1880,.F.);
#1880 = EDGE_LOOP('',(#1881,#1882,#1888,#1889));
#1881 = ORIENTED_EDGE('',*,*,#1758,.T.);
#1882 = ORIENTED_EDGE('',*,*,#1883,.T.);
#1883 = EDGE_CURVE('',#1750,#1415,#1884,.T.);
#1884 = LINE('',#1885,#1886);
#1885 = CARTESIAN_POINT('',(-1.525,-1.975,-0.445));
#1886 = VECTOR('',#1887,1.);
#1887 = DIRECTION('',(0.,1.,0.));
#1888 = ORIENTED_EDGE('',*,*,#1414,.T.);
#1889 = ORIENTED_EDGE('',*,*,#1301,.T.);
#1890 = PLANE('',#1891);
#1891 = AXIS2_PLACEMENT_3D('',#1892,#1893,#1894);
#1892 = CARTESIAN_POINT('',(-1.525,0.975,-1.2));
#1893 = DIRECTION('',(-1.,0.,0.));
#1894 = DIRECTION('',(0.,0.,1.));
#1895 = ADVANCED_FACE('',(#1896),#1936,.F.);
#1896 = FACE_BOUND('',#1897,.F.);
#1897 = EDGE_LOOP('',(#1898,#1899,#1907,#1915,#1923,#1929,#1930));
#1898 = ORIENTED_EDGE('',*,*,#1706,.T.);
#1899 = ORIENTED_EDGE('',*,*,#1900,.F.);
#1900 = EDGE_CURVE('',#1901,#1709,#1903,.T.);
#1901 = VERTEX_POINT('',#1902);
#1902 = CARTESIAN_POINT('',(-1.525,-0.225,1.2));
#1903 = LINE('',#1904,#1905);
#1904 = CARTESIAN_POINT('',(-1.525,-0.225,1.2));
#1905 = VECTOR('',#1906,1.);
#1906 = DIRECTION('',(0.,-1.,0.));
#1907 = ORIENTED_EDGE('',*,*,#1908,.F.);
#1908 = EDGE_CURVE('',#1909,#1901,#1911,.T.);
#1909 = VERTEX_POINT('',#1910);
#1910 = CARTESIAN_POINT('',(-1.525,-2.5E-02,1.4));
#1911 = LINE('',#1912,#1913);
#1912 = CARTESIAN_POINT('',(-1.525,-2.5E-02,1.4));
#1913 = VECTOR('',#1914,1.);
#1914 = DIRECTION('',(0.,-0.707106781187,-0.707106781187));
#1915 = ORIENTED_EDGE('',*,*,#1916,.T.);
#1916 = EDGE_CURVE('',#1909,#1917,#1919,.T.);
#1917 = VERTEX_POINT('',#1918);
#1918 = CARTESIAN_POINT('',(-1.525,-2.5E-02,1.2));
#1919 = LINE('',#1920,#1921);
#1920 = CARTESIAN_POINT('',(-1.525,-2.5E-02,1.4));
#1921 = VECTOR('',#1922,1.);
#1922 = DIRECTION('',(0.,0.,-1.));
#1923 = ORIENTED_EDGE('',*,*,#1924,.F.);
#1924 = EDGE_CURVE('',#1384,#1917,#1925,.T.);
#1925 = LINE('',#1926,#1927);
#1926 = CARTESIAN_POINT('',(-1.525,0.775,1.2));
#1927 = VECTOR('',#1928,1.);
#1928 = DIRECTION('',(0.,-1.,0.));
#1929 = ORIENTED_EDGE('',*,*,#1383,.T.);
#1930 = ORIENTED_EDGE('',*,*,#1931,.F.);
#1931 = EDGE_CURVE('',#1707,#1371,#1932,.T.);
#1932 = LINE('',#1933,#1934);
#1933 = CARTESIAN_POINT('',(-1.525,-1.975,0.445));
#1934 = VECTOR('',#1935,1.);
#1935 = DIRECTION('',(0.,1.,0.));
#1936 = PLANE('',#1937);
#1937 = AXIS2_PLACEMENT_3D('',#1938,#1939,#1940);
#1938 = CARTESIAN_POINT('',(-1.525,0.975,-1.2));
#1939 = DIRECTION('',(-1.,0.,0.));
#1940 = DIRECTION('',(0.,0.,1.));
#1941 = ADVANCED_FACE('',(#1942),#1953,.T.);
#1942 = FACE_BOUND('',#1943,.T.);
#1943 = EDGE_LOOP('',(#1944,#1945,#1951,#1952));
#1944 = ORIENTED_EDGE('',*,*,#1422,.F.);
#1945 = ORIENTED_EDGE('',*,*,#1946,.T.);
#1946 = EDGE_CURVE('',#1423,#1742,#1947,.T.);
#1947 = LINE('',#1948,#1949);
#1948 = CARTESIAN_POINT('',(-1.610920610371,0.860920610371,
    -0.376834508984));
#1949 = VECTOR('',#1950,1.);
#1950 = DIRECTION('',(0.,-1.,0.));
#1951 = ORIENTED_EDGE('',*,*,#1749,.F.);
#1952 = ORIENTED_EDGE('',*,*,#1883,.T.);
#1953 = CYLINDRICAL_SURFACE('',#1954,7.E-02);
#1954 = AXIS2_PLACEMENT_3D('',#1955,#1956,#1957);
#1955 = CARTESIAN_POINT('',(-1.595,0.975,-0.445));
#1956 = DIRECTION('',(0.,1.,0.));
#1957 = DIRECTION('',(-1.,0.,0.));
#1958 = ADVANCED_FACE('',(#1959),#1971,.F.);
#1959 = FACE_BOUND('',#1960,.F.);
#1960 = EDGE_LOOP('',(#1961,#1962,#1963,#1964,#1965));
#1961 = ORIENTED_EDGE('',*,*,#1475,.F.);
#1962 = ORIENTED_EDGE('',*,*,#1435,.T.);
#1963 = ORIENTED_EDGE('',*,*,#1946,.T.);
#1964 = ORIENTED_EDGE('',*,*,#1741,.T.);
#1965 = ORIENTED_EDGE('',*,*,#1966,.F.);
#1966 = EDGE_CURVE('',#1476,#1734,#1967,.T.);
#1967 = LINE('',#1968,#1969);
#1968 = CARTESIAN_POINT('',(-1.825,0.975,-0.426834508984));
#1969 = VECTOR('',#1970,1.);
#1970 = DIRECTION('',(0.,-1.,0.));
#1971 = PLANE('',#1972);
#1972 = AXIS2_PLACEMENT_3D('',#1973,#1974,#1975);
#1973 = CARTESIAN_POINT('',(-1.610920610371,0.975,-0.376834508984));
#1974 = DIRECTION('',(0.227437291017,0.,-0.973792728795));
#1975 = DIRECTION('',(-0.973792728795,0.,-0.227437291017));
#1976 = ADVANCED_FACE('',(#1977),#1988,.F.);
#1977 = FACE_BOUND('',#1978,.F.);
#1978 = EDGE_LOOP('',(#1979,#1980,#1981,#1982));
#1979 = ORIENTED_EDGE('',*,*,#1483,.F.);
#1980 = ORIENTED_EDGE('',*,*,#1966,.T.);
#1981 = ORIENTED_EDGE('',*,*,#1733,.T.);
#1982 = ORIENTED_EDGE('',*,*,#1983,.F.);
#1983 = EDGE_CURVE('',#1484,#1726,#1984,.T.);
#1984 = LINE('',#1985,#1986);
#1985 = CARTESIAN_POINT('',(-1.825,0.975,0.426834508984));
#1986 = VECTOR('',#1987,1.);
#1987 = DIRECTION('',(0.,-1.,0.));
#1988 = PLANE('',#1989);
#1989 = AXIS2_PLACEMENT_3D('',#1990,#1991,#1992);
#1990 = CARTESIAN_POINT('',(-1.825,0.975,-0.426834508984));
#1991 = DIRECTION('',(-1.,0.,0.));
#1992 = DIRECTION('',(0.,0.,1.));
#1993 = ADVANCED_FACE('',(#1994),#2006,.F.);
#1994 = FACE_BOUND('',#1995,.F.);
#1995 = EDGE_LOOP('',(#1996,#1997,#1998,#1999,#2005));
#1996 = ORIENTED_EDGE('',*,*,#1491,.F.);
#1997 = ORIENTED_EDGE('',*,*,#1983,.T.);
#1998 = ORIENTED_EDGE('',*,*,#1725,.T.);
#1999 = ORIENTED_EDGE('',*,*,#2000,.F.);
#2000 = EDGE_CURVE('',#1363,#1717,#2001,.T.);
#2001 = LINE('',#2002,#2003);
#2002 = CARTESIAN_POINT('',(-1.610920610371,0.860920610371,
    0.376834508984));
#2003 = VECTOR('',#2004,1.);
#2004 = DIRECTION('',(0.,-1.,0.));
#2005 = ORIENTED_EDGE('',*,*,#1362,.F.);
#2006 = PLANE('',#2007);
#2007 = AXIS2_PLACEMENT_3D('',#2008,#2009,#2010);
#2008 = CARTESIAN_POINT('',(-1.825,0.975,0.426834508984));
#2009 = DIRECTION('',(0.227437291017,0.,0.973792728795));
#2010 = DIRECTION('',(0.973792728795,0.,-0.227437291017));
#2011 = ADVANCED_FACE('',(#2012),#2018,.T.);
#2012 = FACE_BOUND('',#2013,.T.);
#2013 = EDGE_LOOP('',(#2014,#2015,#2016,#2017));
#2014 = ORIENTED_EDGE('',*,*,#1716,.F.);
#2015 = ORIENTED_EDGE('',*,*,#2000,.F.);
#2016 = ORIENTED_EDGE('',*,*,#1370,.F.);
#2017 = ORIENTED_EDGE('',*,*,#1931,.F.);
#2018 = CYLINDRICAL_SURFACE('',#2019,7.E-02);
#2019 = AXIS2_PLACEMENT_3D('',#2020,#2021,#2022);
#2020 = CARTESIAN_POINT('',(-1.595,0.975,0.445));
#2021 = DIRECTION('',(0.,1.,0.));
#2022 = DIRECTION('',(-1.,0.,0.));
#2023 = ADVANCED_FACE('',(#2024),#2074,.F.);
#2024 = FACE_BOUND('',#2025,.F.);
#2025 = EDGE_LOOP('',(#2026,#2034,#2035,#2036,#2044,#2052,#2060,#2068));
#2026 = ORIENTED_EDGE('',*,*,#2027,.F.);
#2027 = EDGE_CURVE('',#1901,#2028,#2030,.T.);
#2028 = VERTEX_POINT('',#2029);
#2029 = CARTESIAN_POINT('',(-1.175,-0.225,1.2));
#2030 = LINE('',#2031,#2032);
#2031 = CARTESIAN_POINT('',(-1.525,-0.225,1.2));
#2032 = VECTOR('',#2033,1.);
#2033 = DIRECTION('',(1.,0.,0.));
#2034 = ORIENTED_EDGE('',*,*,#1900,.T.);
#2035 = ORIENTED_EDGE('',*,*,#1800,.T.);
#2036 = ORIENTED_EDGE('',*,*,#2037,.F.);
#2037 = EDGE_CURVE('',#2038,#1793,#2040,.T.);
#2038 = VERTEX_POINT('',#2039);
#2039 = CARTESIAN_POINT('',(1.525,-0.225,1.2));
#2040 = LINE('',#2041,#2042);
#2041 = CARTESIAN_POINT('',(1.525,-0.225,1.2));
#2042 = VECTOR('',#2043,1.);
#2043 = DIRECTION('',(0.,-1.,0.));
#2044 = ORIENTED_EDGE('',*,*,#2045,.F.);
#2045 = EDGE_CURVE('',#2046,#2038,#2048,.T.);
#2046 = VERTEX_POINT('',#2047);
#2047 = CARTESIAN_POINT('',(1.175,-0.225,1.2));
#2048 = LINE('',#2049,#2050);
#2049 = CARTESIAN_POINT('',(1.175,-0.225,1.2));
#2050 = VECTOR('',#2051,1.);
#2051 = DIRECTION('',(1.,0.,0.));
#2052 = ORIENTED_EDGE('',*,*,#2053,.F.);
#2053 = EDGE_CURVE('',#2054,#2046,#2056,.T.);
#2054 = VERTEX_POINT('',#2055);
#2055 = CARTESIAN_POINT('',(1.175,-0.825,1.2));
#2056 = LINE('',#2057,#2058);
#2057 = CARTESIAN_POINT('',(1.175,-0.825,1.2));
#2058 = VECTOR('',#2059,1.);
#2059 = DIRECTION('',(0.,1.,0.));
#2060 = ORIENTED_EDGE('',*,*,#2061,.F.);
#2061 = EDGE_CURVE('',#2062,#2054,#2064,.T.);
#2062 = VERTEX_POINT('',#2063);
#2063 = CARTESIAN_POINT('',(-1.175,-0.825,1.2));
#2064 = LINE('',#2065,#2066);
#2065 = CARTESIAN_POINT('',(-1.175,-0.825,1.2));
#2066 = VECTOR('',#2067,1.);
#2067 = DIRECTION('',(1.,0.,0.));
#2068 = ORIENTED_EDGE('',*,*,#2069,.F.);
#2069 = EDGE_CURVE('',#2028,#2062,#2070,.T.);
#2070 = LINE('',#2071,#2072);
#2071 = CARTESIAN_POINT('',(-1.175,-0.225,1.2));
#2072 = VECTOR('',#2073,1.);
#2073 = DIRECTION('',(0.,-1.,0.));
#2074 = PLANE('',#2075);
#2075 = AXIS2_PLACEMENT_3D('',#2076,#2077,#2078);
#2076 = CARTESIAN_POINT('',(-1.525,0.975,1.2));
#2077 = DIRECTION('',(0.,0.,1.));
#2078 = DIRECTION('',(1.,0.,-0.));
#2079 = ADVANCED_FACE('',(#2080),#2098,.T.);
#2080 = FACE_BOUND('',#2081,.F.);
#2081 = EDGE_LOOP('',(#2082,#2090,#2096,#2097));
#2082 = ORIENTED_EDGE('',*,*,#2083,.T.);
#2083 = EDGE_CURVE('',#2028,#2084,#2086,.T.);
#2084 = VERTEX_POINT('',#2085);
#2085 = CARTESIAN_POINT('',(-1.175,-2.5E-02,1.4));
#2086 = LINE('',#2087,#2088);
#2087 = CARTESIAN_POINT('',(-1.175,-0.225,1.2));
#2088 = VECTOR('',#2089,1.);
#2089 = DIRECTION('',(0.,0.707106781187,0.707106781187));
#2090 = ORIENTED_EDGE('',*,*,#2091,.F.);
#2091 = EDGE_CURVE('',#1909,#2084,#2092,.T.);
#2092 = LINE('',#2093,#2094);
#2093 = CARTESIAN_POINT('',(-1.525,-2.5E-02,1.4));
#2094 = VECTOR('',#2095,1.);
#2095 = DIRECTION('',(1.,0.,0.));
#2096 = ORIENTED_EDGE('',*,*,#1908,.T.);
#2097 = ORIENTED_EDGE('',*,*,#2027,.T.);
#2098 = PLANE('',#2099);
#2099 = AXIS2_PLACEMENT_3D('',#2100,#2101,#2102);
#2100 = CARTESIAN_POINT('',(-1.35,-0.125,1.3));
#2101 = DIRECTION('',(0.,0.707106781187,-0.707106781187));
#2102 = DIRECTION('',(0.,0.707106781187,0.707106781187));
#2103 = ADVANCED_FACE('',(#2104),#2129,.F.);
#2104 = FACE_BOUND('',#2105,.F.);
#2105 = EDGE_LOOP('',(#2106,#2107,#2115,#2121,#2122,#2128));
#2106 = ORIENTED_EDGE('',*,*,#2069,.T.);
#2107 = ORIENTED_EDGE('',*,*,#2108,.F.);
#2108 = EDGE_CURVE('',#2109,#2062,#2111,.T.);
#2109 = VERTEX_POINT('',#2110);
#2110 = CARTESIAN_POINT('',(-1.175,-0.625,1.4));
#2111 = LINE('',#2112,#2113);
#2112 = CARTESIAN_POINT('',(-1.175,-0.625,1.4));
#2113 = VECTOR('',#2114,1.);
#2114 = DIRECTION('',(0.,-0.707106781187,-0.707106781187));
#2115 = ORIENTED_EDGE('',*,*,#2116,.F.);
#2116 = EDGE_CURVE('',#917,#2109,#2117,.T.);
#2117 = LINE('',#2118,#2119);
#2118 = CARTESIAN_POINT('',(-1.175,-0.625,1.6));
#2119 = VECTOR('',#2120,1.);
#2120 = DIRECTION('',(0.,0.,-1.));
#2121 = ORIENTED_EDGE('',*,*,#916,.F.);
#2122 = ORIENTED_EDGE('',*,*,#2123,.T.);
#2123 = EDGE_CURVE('',#909,#2084,#2124,.T.);
#2124 = LINE('',#2125,#2126);
#2125 = CARTESIAN_POINT('',(-1.175,-2.5E-02,1.6));
#2126 = VECTOR('',#2127,1.);
#2127 = DIRECTION('',(0.,0.,-1.));
#2128 = ORIENTED_EDGE('',*,*,#2083,.F.);
#2129 = PLANE('',#2130);
#2130 = AXIS2_PLACEMENT_3D('',#2131,#2132,#2133);
#2131 = CARTESIAN_POINT('',(-1.175,-2.5E-02,1.6));
#2132 = DIRECTION('',(-1.,0.,0.));
#2133 = DIRECTION('',(0.,-1.,0.));
#2134 = ADVANCED_FACE('',(#2135),#2153,.T.);
#2135 = FACE_BOUND('',#2136,.F.);
#2136 = EDGE_LOOP('',(#2137,#2145,#2146,#2147));
#2137 = ORIENTED_EDGE('',*,*,#2138,.F.);
#2138 = EDGE_CURVE('',#2109,#2139,#2141,.T.);
#2139 = VERTEX_POINT('',#2140);
#2140 = CARTESIAN_POINT('',(1.175,-0.625,1.4));
#2141 = LINE('',#2142,#2143);
#2142 = CARTESIAN_POINT('',(-1.175,-0.625,1.4));
#2143 = VECTOR('',#2144,1.);
#2144 = DIRECTION('',(1.,0.,0.));
#2145 = ORIENTED_EDGE('',*,*,#2108,.T.);
#2146 = ORIENTED_EDGE('',*,*,#2061,.T.);
#2147 = ORIENTED_EDGE('',*,*,#2148,.T.);
#2148 = EDGE_CURVE('',#2054,#2139,#2149,.T.);
#2149 = LINE('',#2150,#2151);
#2150 = CARTESIAN_POINT('',(1.175,-0.825,1.2));
#2151 = VECTOR('',#2152,1.);
#2152 = DIRECTION('',(0.,0.707106781187,0.707106781187));
#2153 = PLANE('',#2154);
#2154 = AXIS2_PLACEMENT_3D('',#2155,#2156,#2157);
#2155 = CARTESIAN_POINT('',(0.,-0.725,1.3));
#2156 = DIRECTION('',(0.,0.707106781187,-0.707106781187));
#2157 = DIRECTION('',(0.,0.707106781187,0.707106781187));
#2158 = ADVANCED_FACE('',(#2159),#2170,.F.);
#2159 = FACE_BOUND('',#2160,.F.);
#2160 = EDGE_LOOP('',(#2161,#2162,#2168,#2169));
#2161 = ORIENTED_EDGE('',*,*,#2138,.T.);
#2162 = ORIENTED_EDGE('',*,*,#2163,.F.);
#2163 = EDGE_CURVE('',#925,#2139,#2164,.T.);
#2164 = LINE('',#2165,#2166);
#2165 = CARTESIAN_POINT('',(1.175,-0.625,1.6));
#2166 = VECTOR('',#2167,1.);
#2167 = DIRECTION('',(0.,0.,-1.));
#2168 = ORIENTED_EDGE('',*,*,#924,.F.);
#2169 = ORIENTED_EDGE('',*,*,#2116,.T.);
#2170 = PLANE('',#2171);
#2171 = AXIS2_PLACEMENT_3D('',#2172,#2173,#2174);
#2172 = CARTESIAN_POINT('',(-1.175,-0.625,1.6));
#2173 = DIRECTION('',(0.,-1.,0.));
#2174 = DIRECTION('',(1.,0.,0.));
#2175 = ADVANCED_FACE('',(#2176),#2196,.F.);
#2176 = FACE_BOUND('',#2177,.F.);
#2177 = EDGE_LOOP('',(#2178,#2179,#2180,#2181,#2189,#2195));
#2178 = ORIENTED_EDGE('',*,*,#2163,.T.);
#2179 = ORIENTED_EDGE('',*,*,#2148,.F.);
#2180 = ORIENTED_EDGE('',*,*,#2053,.T.);
#2181 = ORIENTED_EDGE('',*,*,#2182,.F.);
#2182 = EDGE_CURVE('',#2183,#2046,#2185,.T.);
#2183 = VERTEX_POINT('',#2184);
#2184 = CARTESIAN_POINT('',(1.175,-2.5E-02,1.4));
#2185 = LINE('',#2186,#2187);
#2186 = CARTESIAN_POINT('',(1.175,-2.5E-02,1.4));
#2187 = VECTOR('',#2188,1.);
#2188 = DIRECTION('',(0.,-0.707106781187,-0.707106781187));
#2189 = ORIENTED_EDGE('',*,*,#2190,.F.);
#2190 = EDGE_CURVE('',#933,#2183,#2191,.T.);
#2191 = LINE('',#2192,#2193);
#2192 = CARTESIAN_POINT('',(1.175,-2.5E-02,1.6));
#2193 = VECTOR('',#2194,1.);
#2194 = DIRECTION('',(0.,0.,-1.));
#2195 = ORIENTED_EDGE('',*,*,#932,.F.);
#2196 = PLANE('',#2197);
#2197 = AXIS2_PLACEMENT_3D('',#2198,#2199,#2200);
#2198 = CARTESIAN_POINT('',(1.175,-0.625,1.6));
#2199 = DIRECTION('',(1.,0.,0.));
#2200 = DIRECTION('',(-0.,1.,0.));
#2201 = ADVANCED_FACE('',(#2202),#2220,.T.);
#2202 = FACE_BOUND('',#2203,.F.);
#2203 = EDGE_LOOP('',(#2204,#2212,#2213,#2214));
#2204 = ORIENTED_EDGE('',*,*,#2205,.F.);
#2205 = EDGE_CURVE('',#2183,#2206,#2208,.T.);
#2206 = VERTEX_POINT('',#2207);
#2207 = CARTESIAN_POINT('',(1.525,-2.5E-02,1.4));
#2208 = LINE('',#2209,#2210);
#2209 = CARTESIAN_POINT('',(1.175,-2.5E-02,1.4));
#2210 = VECTOR('',#2211,1.);
#2211 = DIRECTION('',(1.,0.,0.));
#2212 = ORIENTED_EDGE('',*,*,#2182,.T.);
#2213 = ORIENTED_EDGE('',*,*,#2045,.T.);
#2214 = ORIENTED_EDGE('',*,*,#2215,.T.);
#2215 = EDGE_CURVE('',#2038,#2206,#2216,.T.);
#2216 = LINE('',#2217,#2218);
#2217 = CARTESIAN_POINT('',(1.525,-0.225,1.2));
#2218 = VECTOR('',#2219,1.);
#2219 = DIRECTION('',(0.,0.707106781187,0.707106781187));
#2220 = PLANE('',#2221);
#2221 = AXIS2_PLACEMENT_3D('',#2222,#2223,#2224);
#2222 = CARTESIAN_POINT('',(1.35,-0.125,1.3));
#2223 = DIRECTION('',(0.,0.707106781187,-0.707106781187));
#2224 = DIRECTION('',(0.,0.707106781187,0.707106781187));
#2225 = ADVANCED_FACE('',(#2226),#2253,.F.);
#2226 = FACE_BOUND('',#2227,.F.);
#2227 = EDGE_LOOP('',(#2228,#2229,#2237,#2245,#2251,#2252));
#2228 = ORIENTED_EDGE('',*,*,#2205,.T.);
#2229 = ORIENTED_EDGE('',*,*,#2230,.T.);
#2230 = EDGE_CURVE('',#2206,#2231,#2233,.T.);
#2231 = VERTEX_POINT('',#2232);
#2232 = CARTESIAN_POINT('',(1.525,-2.5E-02,1.2));
#2233 = LINE('',#2234,#2235);
#2234 = CARTESIAN_POINT('',(1.525,-2.5E-02,1.4));
#2235 = VECTOR('',#2236,1.);
#2236 = DIRECTION('',(0.,0.,-1.));
#2237 = ORIENTED_EDGE('',*,*,#2238,.T.);
#2238 = EDGE_CURVE('',#2231,#2239,#2241,.T.);
#2239 = VERTEX_POINT('',#2240);
#2240 = CARTESIAN_POINT('',(2.125,-2.5E-02,1.2));
#2241 = LINE('',#2242,#2243);
#2242 = CARTESIAN_POINT('',(1.525,-2.5E-02,1.2));
#2243 = VECTOR('',#2244,1.);
#2244 = DIRECTION('',(1.,0.,0.));
#2245 = ORIENTED_EDGE('',*,*,#2246,.F.);
#2246 = EDGE_CURVE('',#941,#2239,#2247,.T.);
#2247 = LINE('',#2248,#2249);
#2248 = CARTESIAN_POINT('',(2.125,-2.5E-02,1.6));
#2249 = VECTOR('',#2250,1.);
#2250 = DIRECTION('',(0.,0.,-1.));
#2251 = ORIENTED_EDGE('',*,*,#940,.T.);
#2252 = ORIENTED_EDGE('',*,*,#2190,.T.);
#2253 = PLANE('',#2254);
#2254 = AXIS2_PLACEMENT_3D('',#2255,#2256,#2257);
#2255 = CARTESIAN_POINT('',(1.175,-2.5E-02,1.6));
#2256 = DIRECTION('',(0.,-1.,0.));
#2257 = DIRECTION('',(1.,0.,0.));
#2258 = ADVANCED_FACE('',(#2259),#2278,.F.);
#2259 = FACE_BOUND('',#2260,.F.);
#2260 = EDGE_LOOP('',(#2261,#2262,#2268,#2269,#2275,#2276,#2277));
#2261 = ORIENTED_EDGE('',*,*,#1792,.T.);
#2262 = ORIENTED_EDGE('',*,*,#2263,.T.);
#2263 = EDGE_CURVE('',#1784,#1655,#2264,.T.);
#2264 = LINE('',#2265,#2266);
#2265 = CARTESIAN_POINT('',(1.525,-1.975,0.445));
#2266 = VECTOR('',#2267,1.);
#2267 = DIRECTION('',(0.,1.,0.));
#2268 = ORIENTED_EDGE('',*,*,#1654,.T.);
#2269 = ORIENTED_EDGE('',*,*,#2270,.T.);
#2270 = EDGE_CURVE('',#1647,#2231,#2271,.T.);
#2271 = LINE('',#2272,#2273);
#2272 = CARTESIAN_POINT('',(1.525,0.775,1.2));
#2273 = VECTOR('',#2274,1.);
#2274 = DIRECTION('',(0.,-1.,0.));
#2275 = ORIENTED_EDGE('',*,*,#2230,.F.);
#2276 = ORIENTED_EDGE('',*,*,#2215,.F.);
#2277 = ORIENTED_EDGE('',*,*,#2037,.T.);
#2278 = PLANE('',#2279);
#2279 = AXIS2_PLACEMENT_3D('',#2280,#2281,#2282);
#2280 = CARTESIAN_POINT('',(1.525,0.975,1.2));
#2281 = DIRECTION('',(1.,0.,0.));
#2282 = DIRECTION('',(0.,0.,-1.));
#2283 = ADVANCED_FACE('',(#2284),#2295,.F.);
#2284 = FACE_BOUND('',#2285,.F.);
#2285 = EDGE_LOOP('',(#2286,#2287,#2288,#2289));
#2286 = ORIENTED_EDGE('',*,*,#1765,.T.);
#2287 = ORIENTED_EDGE('',*,*,#1285,.F.);
#2288 = ORIENTED_EDGE('',*,*,#1628,.T.);
#2289 = ORIENTED_EDGE('',*,*,#2290,.F.);
#2290 = EDGE_CURVE('',#1766,#1616,#2291,.T.);
#2291 = LINE('',#2292,#2293);
#2292 = CARTESIAN_POINT('',(1.525,-1.975,-0.445));
#2293 = VECTOR('',#2294,1.);
#2294 = DIRECTION('',(0.,1.,0.));
#2295 = PLANE('',#2296);
#2296 = AXIS2_PLACEMENT_3D('',#2297,#2298,#2299);
#2297 = CARTESIAN_POINT('',(1.525,0.975,1.2));
#2298 = DIRECTION('',(1.,0.,0.));
#2299 = DIRECTION('',(0.,0.,-1.));
#2300 = ADVANCED_FACE('',(#2301),#2307,.T.);
#2301 = FACE_BOUND('',#2302,.T.);
#2302 = EDGE_LOOP('',(#2303,#2304,#2305,#2306));
#2303 = ORIENTED_EDGE('',*,*,#1662,.F.);
#2304 = ORIENTED_EDGE('',*,*,#1585,.T.);
#2305 = ORIENTED_EDGE('',*,*,#1783,.F.);
#2306 = ORIENTED_EDGE('',*,*,#2263,.T.);
#2307 = CYLINDRICAL_SURFACE('',#2308,7.E-02);
#2308 = AXIS2_PLACEMENT_3D('',#2309,#2310,#2311);
#2309 = CARTESIAN_POINT('',(1.595,0.975,0.445));
#2310 = DIRECTION('',(0.,1.,0.));
#2311 = DIRECTION('',(-1.,0.,0.));
#2312 = ADVANCED_FACE('',(#2313),#2325,.T.);
#2313 = FACE_BOUND('',#2314,.F.);
#2314 = EDGE_LOOP('',(#2315,#2316,#2317,#2323,#2324));
#2315 = ORIENTED_EDGE('',*,*,#1391,.F.);
#2316 = ORIENTED_EDGE('',*,*,#1924,.T.);
#2317 = ORIENTED_EDGE('',*,*,#2318,.F.);
#2318 = EDGE_CURVE('',#586,#1917,#2319,.T.);
#2319 = LINE('',#2320,#2321);
#2320 = CARTESIAN_POINT('',(-2.125,-2.5E-02,1.2));
#2321 = VECTOR('',#2322,1.);
#2322 = DIRECTION('',(1.,0.,0.));
#2323 = ORIENTED_EDGE('',*,*,#585,.F.);
#2324 = ORIENTED_EDGE('',*,*,#1498,.T.);
#2325 = PLANE('',#2326);
#2326 = AXIS2_PLACEMENT_3D('',#2327,#2328,#2329);
#2327 = CARTESIAN_POINT('',(-1.525,0.975,1.2));
#2328 = DIRECTION('',(0.,0.,1.));
#2329 = DIRECTION('',(1.,0.,-0.));
#2330 = ADVANCED_FACE('',(#2331),#2343,.T.);
#2331 = FACE_BOUND('',#2332,.F.);
#2332 = EDGE_LOOP('',(#2333,#2334,#2335,#2341,#2342));
#2333 = ORIENTED_EDGE('',*,*,#1646,.F.);
#2334 = ORIENTED_EDGE('',*,*,#1514,.T.);
#2335 = ORIENTED_EDGE('',*,*,#2336,.T.);
#2336 = EDGE_CURVE('',#1507,#2239,#2337,.T.);
#2337 = LINE('',#2338,#2339);
#2338 = CARTESIAN_POINT('',(2.125,0.975,1.2));
#2339 = VECTOR('',#2340,1.);
#2340 = DIRECTION('',(0.,-1.,0.));
#2341 = ORIENTED_EDGE('',*,*,#2238,.F.);
#2342 = ORIENTED_EDGE('',*,*,#2270,.F.);
#2343 = PLANE('',#2344);
#2344 = AXIS2_PLACEMENT_3D('',#2345,#2346,#2347);
#2345 = CARTESIAN_POINT('',(-1.525,0.975,1.2));
#2346 = DIRECTION('',(0.,0.,1.));
#2347 = DIRECTION('',(1.,0.,-0.));
#2348 = ADVANCED_FACE('',(#2349),#2357,.F.);
#2349 = FACE_BOUND('',#2350,.F.);
#2350 = EDGE_LOOP('',(#2351,#2352,#2353,#2354,#2355,#2356));
#2351 = ORIENTED_EDGE('',*,*,#2091,.T.);
#2352 = ORIENTED_EDGE('',*,*,#2123,.F.);
#2353 = ORIENTED_EDGE('',*,*,#908,.F.);
#2354 = ORIENTED_EDGE('',*,*,#593,.T.);
#2355 = ORIENTED_EDGE('',*,*,#2318,.T.);
#2356 = ORIENTED_EDGE('',*,*,#1916,.F.);
#2357 = PLANE('',#2358);
#2358 = AXIS2_PLACEMENT_3D('',#2359,#2360,#2361);
#2359 = CARTESIAN_POINT('',(-2.125,-2.5E-02,1.6));
#2360 = DIRECTION('',(0.,-1.,0.));
#2361 = DIRECTION('',(1.,0.,0.));
#2362 = ADVANCED_FACE('',(#2363),#2378,.T.);
#2363 = FACE_BOUND('',#2364,.F.);
#2364 = EDGE_LOOP('',(#2365,#2366,#2372,#2373,#2374,#2375,#2376,#2377));
#2365 = ORIENTED_EDGE('',*,*,#1100,.F.);
#2366 = ORIENTED_EDGE('',*,*,#2367,.T.);
#2367 = EDGE_CURVE('',#1093,#657,#2368,.T.);
#2368 = LINE('',#2369,#2370);
#2369 = CARTESIAN_POINT('',(2.125,-2.625,-1.6));
#2370 = VECTOR('',#2371,1.);
#2371 = DIRECTION('',(0.,0.,1.));
#2372 = ORIENTED_EDGE('',*,*,#654,.F.);
#2373 = ORIENTED_EDGE('',*,*,#712,.F.);
#2374 = ORIENTED_EDGE('',*,*,#948,.F.);
#2375 = ORIENTED_EDGE('',*,*,#2246,.T.);
#2376 = ORIENTED_EDGE('',*,*,#2336,.F.);
#2377 = ORIENTED_EDGE('',*,*,#1506,.F.);
#2378 = PLANE('',#2379);
#2379 = AXIS2_PLACEMENT_3D('',#2380,#2381,#2382);
#2380 = CARTESIAN_POINT('',(2.125,0.,0.));
#2381 = DIRECTION('',(1.,0.,0.));
#2382 = DIRECTION('',(0.,-1.,0.));
#2383 = ADVANCED_FACE('',(#2384),#2395,.F.);
#2384 = FACE_BOUND('',#2385,.F.);
#2385 = EDGE_LOOP('',(#2386,#2387,#2388,#2394));
#2386 = ORIENTED_EDGE('',*,*,#2367,.F.);
#2387 = ORIENTED_EDGE('',*,*,#1092,.T.);
#2388 = ORIENTED_EDGE('',*,*,#2389,.T.);
#2389 = EDGE_CURVE('',#1085,#665,#2390,.T.);
#2390 = LINE('',#2391,#2392);
#2391 = CARTESIAN_POINT('',(1.55,-2.625,-1.6));
#2392 = VECTOR('',#2393,1.);
#2393 = DIRECTION('',(0.,0.,1.));
#2394 = ORIENTED_EDGE('',*,*,#664,.T.);
#2395 = PLANE('',#2396);
#2396 = AXIS2_PLACEMENT_3D('',#2397,#2398,#2399);
#2397 = CARTESIAN_POINT('',(1.55,-2.625,-1.6));
#2398 = DIRECTION('',(0.,1.,0.));
#2399 = DIRECTION('',(1.,0.,0.));
#2400 = ADVANCED_FACE('',(#2401),#2407,.F.);
#2401 = FACE_BOUND('',#2402,.F.);
#2402 = EDGE_LOOP('',(#2403,#2404,#2405,#2406));
#2403 = ORIENTED_EDGE('',*,*,#719,.T.);
#2404 = ORIENTED_EDGE('',*,*,#672,.T.);
#2405 = ORIENTED_EDGE('',*,*,#2389,.F.);
#2406 = ORIENTED_EDGE('',*,*,#1084,.F.);
#2407 = PLANE('',#2408);
#2408 = AXIS2_PLACEMENT_3D('',#2409,#2410,#2411);
#2409 = CARTESIAN_POINT('',(1.55,-3.225,-1.6));
#2410 = DIRECTION('',(-1.,0.,0.));
#2411 = DIRECTION('',(0.,1.,0.));
#2412 = ADVANCED_FACE('',(#2413),#2419,.T.);
#2413 = FACE_BOUND('',#2414,.T.);
#2414 = EDGE_LOOP('',(#2415,#2416,#2417,#2418));
#2415 = ORIENTED_EDGE('',*,*,#1773,.F.);
#2416 = ORIENTED_EDGE('',*,*,#1690,.F.);
#2417 = ORIENTED_EDGE('',*,*,#1615,.F.);
#2418 = ORIENTED_EDGE('',*,*,#2290,.F.);
#2419 = CYLINDRICAL_SURFACE('',#2420,7.E-02);
#2420 = AXIS2_PLACEMENT_3D('',#2421,#2422,#2423);
#2421 = CARTESIAN_POINT('',(1.595,0.975,-0.445));
#2422 = DIRECTION('',(0.,1.,0.));
#2423 = DIRECTION('',(-1.,0.,0.));
#2424 = ADVANCED_FACE('',(#2425),#2459,.T.);
#2425 = FACE_BOUND('',#2426,.F.);
#2426 = EDGE_LOOP('',(#2427,#2437,#2445,#2453));
#2427 = ORIENTED_EDGE('',*,*,#2428,.T.);
#2428 = EDGE_CURVE('',#2429,#2431,#2433,.T.);
#2429 = VERTEX_POINT('',#2430);
#2430 = CARTESIAN_POINT('',(0.465,-4.925,-0.275));
#2431 = VERTEX_POINT('',#2432);
#2432 = CARTESIAN_POINT('',(0.465,-4.925,-0.625));
#2433 = LINE('',#2434,#2435);
#2434 = CARTESIAN_POINT('',(0.465,-4.925,-0.275));
#2435 = VECTOR('',#2436,1.);
#2436 = DIRECTION('',(0.,0.,-1.));
#2437 = ORIENTED_EDGE('',*,*,#2438,.T.);
#2438 = EDGE_CURVE('',#2431,#2439,#2441,.T.);
#2439 = VERTEX_POINT('',#2440);
#2440 = CARTESIAN_POINT('',(0.465,-3.125,-0.625));
#2441 = LINE('',#2442,#2443);
#2442 = CARTESIAN_POINT('',(0.465,-4.925,-0.625));
#2443 = VECTOR('',#2444,1.);
#2444 = DIRECTION('',(0.,1.,0.));
#2445 = ORIENTED_EDGE('',*,*,#2446,.T.);
#2446 = EDGE_CURVE('',#2439,#2447,#2449,.T.);
#2447 = VERTEX_POINT('',#2448);
#2448 = CARTESIAN_POINT('',(0.465,-3.125,-0.275));
#2449 = LINE('',#2450,#2451);
#2450 = CARTESIAN_POINT('',(0.465,-3.125,-0.625));
#2451 = VECTOR('',#2452,1.);
#2452 = DIRECTION('',(0.,0.,1.));
#2453 = ORIENTED_EDGE('',*,*,#2454,.F.);
#2454 = EDGE_CURVE('',#2429,#2447,#2455,.T.);
#2455 = LINE('',#2456,#2457);
#2456 = CARTESIAN_POINT('',(0.465,-4.925,-0.275));
#2457 = VECTOR('',#2458,1.);
#2458 = DIRECTION('',(0.,1.,0.));
#2459 = PLANE('',#2460);
#2460 = AXIS2_PLACEMENT_3D('',#2461,#2462,#2463);
#2461 = CARTESIAN_POINT('',(0.465,-4.3,-0.45));
#2462 = DIRECTION('',(-1.,0.,0.));
#2463 = DIRECTION('',(0.,0.,1.));
#2464 = ADVANCED_FACE('',(#2465),#2506,.T.);
#2465 = FACE_BOUND('',#2466,.F.);
#2466 = EDGE_LOOP('',(#2467,#2477,#2485,#2493,#2499,#2500));
#2467 = ORIENTED_EDGE('',*,*,#2468,.F.);
#2468 = EDGE_CURVE('',#2469,#2471,#2473,.T.);
#2469 = VERTEX_POINT('',#2470);
#2470 = CARTESIAN_POINT('',(0.465,-0.125,-0.760714285714));
#2471 = VERTEX_POINT('',#2472);
#2472 = CARTESIAN_POINT('',(0.465,-0.425,-0.825));
#2473 = LINE('',#2474,#2475);
#2474 = CARTESIAN_POINT('',(0.465,-0.125,-0.760714285714));
#2475 = VECTOR('',#2476,1.);
#2476 = DIRECTION('',(0.,-0.977802414077,-0.209529088731));
#2477 = ORIENTED_EDGE('',*,*,#2478,.T.);
#2478 = EDGE_CURVE('',#2469,#2479,#2481,.T.);
#2479 = VERTEX_POINT('',#2480);
#2480 = CARTESIAN_POINT('',(0.465,-0.125,-0.195));
#2481 = LINE('',#2482,#2483);
#2482 = CARTESIAN_POINT('',(0.465,-0.125,-0.760714285714));
#2483 = VECTOR('',#2484,1.);
#2484 = DIRECTION('',(0.,0.,1.));
#2485 = ORIENTED_EDGE('',*,*,#2486,.F.);
#2486 = EDGE_CURVE('',#2487,#2479,#2489,.T.);
#2487 = VERTEX_POINT('',#2488);
#2488 = CARTESIAN_POINT('',(0.465,-0.725,-7.5E-02));
#2489 = LINE('',#2490,#2491);
#2490 = CARTESIAN_POINT('',(0.465,-0.725,-7.5E-02));
#2491 = VECTOR('',#2492,1.);
#2492 = DIRECTION('',(0.,0.980580675691,-0.196116135138));
#2493 = ORIENTED_EDGE('',*,*,#2494,.F.);
#2494 = EDGE_CURVE('',#1811,#2487,#2495,.T.);
#2495 = LINE('',#2496,#2497);
#2496 = CARTESIAN_POINT('',(0.465,-1.975,-7.5E-02));
#2497 = VECTOR('',#2498,1.);
#2498 = DIRECTION('',(0.,1.,0.));
#2499 = ORIENTED_EDGE('',*,*,#1808,.F.);
#2500 = ORIENTED_EDGE('',*,*,#2501,.T.);
#2501 = EDGE_CURVE('',#1809,#2471,#2502,.T.);
#2502 = LINE('',#2503,#2504);
#2503 = CARTESIAN_POINT('',(0.465,-1.975,-0.825));
#2504 = VECTOR('',#2505,1.);
#2505 = DIRECTION('',(0.,1.,0.));
#2506 = PLANE('',#2507);
#2507 = AXIS2_PLACEMENT_3D('',#2508,#2509,#2510);
#2508 = CARTESIAN_POINT('',(0.465,-4.3,-0.45));
#2509 = DIRECTION('',(-1.,0.,0.));
#2510 = DIRECTION('',(0.,0.,1.));
#2511 = ADVANCED_FACE('',(#2512),#2537,.T.);
#2512 = FACE_BOUND('',#2513,.F.);
#2513 = EDGE_LOOP('',(#2514,#2515,#2523,#2531));
#2514 = ORIENTED_EDGE('',*,*,#2428,.F.);
#2515 = ORIENTED_EDGE('',*,*,#2516,.T.);
#2516 = EDGE_CURVE('',#2429,#2517,#2519,.T.);
#2517 = VERTEX_POINT('',#2518);
#2518 = CARTESIAN_POINT('',(0.575,-5.525,-0.385));
#2519 = LINE('',#2520,#2521);
#2520 = CARTESIAN_POINT('',(0.465,-4.925,-0.275));
#2521 = VECTOR('',#2522,1.);
#2522 = DIRECTION('',(0.177465527736,-0.967993787651,-0.177465527736));
#2523 = ORIENTED_EDGE('',*,*,#2524,.T.);
#2524 = EDGE_CURVE('',#2517,#2525,#2527,.T.);
#2525 = VERTEX_POINT('',#2526);
#2526 = CARTESIAN_POINT('',(0.575,-5.525,-0.515));
#2527 = LINE('',#2528,#2529);
#2528 = CARTESIAN_POINT('',(0.575,-5.525,-0.385));
#2529 = VECTOR('',#2530,1.);
#2530 = DIRECTION('',(0.,0.,-1.));
#2531 = ORIENTED_EDGE('',*,*,#2532,.F.);
#2532 = EDGE_CURVE('',#2431,#2525,#2533,.T.);
#2533 = LINE('',#2534,#2535);
#2534 = CARTESIAN_POINT('',(0.465,-4.925,-0.625));
#2535 = VECTOR('',#2536,1.);
#2536 = DIRECTION('',(0.177465527736,-0.967993787651,0.177465527736));
#2537 = PLANE('',#2538);
#2538 = AXIS2_PLACEMENT_3D('',#2539,#2540,#2541);
#2539 = CARTESIAN_POINT('',(0.52,-5.225,-0.45));
#2540 = DIRECTION('',(-0.983606557377,-0.180327868853,0.));
#2541 = DIRECTION('',(-0.180327868853,0.983606557377,0.));
#2542 = ADVANCED_FACE('',(#2543),#2568,.T.);
#2543 = FACE_BOUND('',#2544,.F.);
#2544 = EDGE_LOOP('',(#2545,#2553,#2554,#2562));
#2545 = ORIENTED_EDGE('',*,*,#2546,.T.);
#2546 = EDGE_CURVE('',#2547,#2517,#2549,.T.);
#2547 = VERTEX_POINT('',#2548);
#2548 = CARTESIAN_POINT('',(0.675,-5.525,-0.385));
#2549 = LINE('',#2550,#2551);
#2550 = CARTESIAN_POINT('',(0.675,-5.525,-0.385));
#2551 = VECTOR('',#2552,1.);
#2552 = DIRECTION('',(-1.,0.,0.));
#2553 = ORIENTED_EDGE('',*,*,#2516,.F.);
#2554 = ORIENTED_EDGE('',*,*,#2555,.F.);
#2555 = EDGE_CURVE('',#2556,#2429,#2558,.T.);
#2556 = VERTEX_POINT('',#2557);
#2557 = CARTESIAN_POINT('',(0.785,-4.925,-0.275));
#2558 = LINE('',#2559,#2560);
#2559 = CARTESIAN_POINT('',(0.785,-4.925,-0.275));
#2560 = VECTOR('',#2561,1.);
#2561 = DIRECTION('',(-1.,0.,0.));
#2562 = ORIENTED_EDGE('',*,*,#2563,.T.);
#2563 = EDGE_CURVE('',#2556,#2547,#2564,.T.);
#2564 = LINE('',#2565,#2566);
#2565 = CARTESIAN_POINT('',(0.785,-4.925,-0.275));
#2566 = VECTOR('',#2567,1.);
#2567 = DIRECTION('',(-0.177465527736,-0.967993787651,-0.177465527736));
#2568 = PLANE('',#2569);
#2569 = AXIS2_PLACEMENT_3D('',#2570,#2571,#2572);
#2570 = CARTESIAN_POINT('',(0.625,-5.225,-0.33));
#2571 = DIRECTION('',(0.,-0.180327868853,0.983606557377));
#2572 = DIRECTION('',(0.,0.983606557377,0.180327868853));
#2573 = ADVANCED_FACE('',(#2574),#2592,.F.);
#2574 = FACE_BOUND('',#2575,.F.);
#2575 = EDGE_LOOP('',(#2576,#2584,#2585,#2586));
#2576 = ORIENTED_EDGE('',*,*,#2577,.F.);
#2577 = EDGE_CURVE('',#2525,#2578,#2580,.T.);
#2578 = VERTEX_POINT('',#2579);
#2579 = CARTESIAN_POINT('',(0.675,-5.525,-0.515));
#2580 = LINE('',#2581,#2582);
#2581 = CARTESIAN_POINT('',(0.575,-5.525,-0.515));
#2582 = VECTOR('',#2583,1.);
#2583 = DIRECTION('',(1.,0.,0.));
#2584 = ORIENTED_EDGE('',*,*,#2524,.F.);
#2585 = ORIENTED_EDGE('',*,*,#2546,.F.);
#2586 = ORIENTED_EDGE('',*,*,#2587,.F.);
#2587 = EDGE_CURVE('',#2578,#2547,#2588,.T.);
#2588 = LINE('',#2589,#2590);
#2589 = CARTESIAN_POINT('',(0.675,-5.525,-0.515));
#2590 = VECTOR('',#2591,1.);
#2591 = DIRECTION('',(0.,0.,1.));
#2592 = PLANE('',#2593);
#2593 = AXIS2_PLACEMENT_3D('',#2594,#2595,#2596);
#2594 = CARTESIAN_POINT('',(-2.125,-5.525,-1.6));
#2595 = DIRECTION('',(0.,1.,0.));
#2596 = DIRECTION('',(1.,0.,0.));
#2597 = ADVANCED_FACE('',(#2598),#2616,.T.);
#2598 = FACE_BOUND('',#2599,.F.);
#2599 = EDGE_LOOP('',(#2600,#2608,#2609,#2610));
#2600 = ORIENTED_EDGE('',*,*,#2601,.F.);
#2601 = EDGE_CURVE('',#2431,#2602,#2604,.T.);
#2602 = VERTEX_POINT('',#2603);
#2603 = CARTESIAN_POINT('',(0.785,-4.925,-0.625));
#2604 = LINE('',#2605,#2606);
#2605 = CARTESIAN_POINT('',(0.465,-4.925,-0.625));
#2606 = VECTOR('',#2607,1.);
#2607 = DIRECTION('',(1.,0.,0.));
#2608 = ORIENTED_EDGE('',*,*,#2532,.T.);
#2609 = ORIENTED_EDGE('',*,*,#2577,.T.);
#2610 = ORIENTED_EDGE('',*,*,#2611,.F.);
#2611 = EDGE_CURVE('',#2602,#2578,#2612,.T.);
#2612 = LINE('',#2613,#2614);
#2613 = CARTESIAN_POINT('',(0.785,-4.925,-0.625));
#2614 = VECTOR('',#2615,1.);
#2615 = DIRECTION('',(-0.177465527736,-0.967993787651,0.177465527736));
#2616 = PLANE('',#2617);
#2617 = AXIS2_PLACEMENT_3D('',#2618,#2619,#2620);
#2618 = CARTESIAN_POINT('',(0.625,-5.225,-0.57));
#2619 = DIRECTION('',(0.,-0.180327868853,-0.983606557377));
#2620 = DIRECTION('',(0.,0.983606557377,-0.180327868853));
#2621 = ADVANCED_FACE('',(#2622),#2640,.T.);
#2622 = FACE_BOUND('',#2623,.F.);
#2623 = EDGE_LOOP('',(#2624,#2625,#2633,#2639));
#2624 = ORIENTED_EDGE('',*,*,#2601,.T.);
#2625 = ORIENTED_EDGE('',*,*,#2626,.T.);
#2626 = EDGE_CURVE('',#2602,#2627,#2629,.T.);
#2627 = VERTEX_POINT('',#2628);
#2628 = CARTESIAN_POINT('',(0.785,-3.125,-0.625));
#2629 = LINE('',#2630,#2631);
#2630 = CARTESIAN_POINT('',(0.785,-4.925,-0.625));
#2631 = VECTOR('',#2632,1.);
#2632 = DIRECTION('',(0.,1.,0.));
#2633 = ORIENTED_EDGE('',*,*,#2634,.T.);
#2634 = EDGE_CURVE('',#2627,#2439,#2635,.T.);
#2635 = LINE('',#2636,#2637);
#2636 = CARTESIAN_POINT('',(0.785,-3.125,-0.625));
#2637 = VECTOR('',#2638,1.);
#2638 = DIRECTION('',(-1.,0.,0.));
#2639 = ORIENTED_EDGE('',*,*,#2438,.F.);
#2640 = PLANE('',#2641);
#2641 = AXIS2_PLACEMENT_3D('',#2642,#2643,#2644);
#2642 = CARTESIAN_POINT('',(0.625,-4.3,-0.625));
#2643 = DIRECTION('',(0.,0.,-1.));
#2644 = DIRECTION('',(-1.,0.,0.));
#2645 = ADVANCED_FACE('',(#2646),#2669,.T.);
#2646 = FACE_BOUND('',#2647,.F.);
#2647 = EDGE_LOOP('',(#2648,#2654,#2662,#2668));
#2648 = ORIENTED_EDGE('',*,*,#2649,.T.);
#2649 = EDGE_CURVE('',#2602,#2556,#2650,.T.);
#2650 = LINE('',#2651,#2652);
#2651 = CARTESIAN_POINT('',(0.785,-4.925,-0.625));
#2652 = VECTOR('',#2653,1.);
#2653 = DIRECTION('',(0.,0.,1.));
#2654 = ORIENTED_EDGE('',*,*,#2655,.T.);
#2655 = EDGE_CURVE('',#2556,#2656,#2658,.T.);
#2656 = VERTEX_POINT('',#2657);
#2657 = CARTESIAN_POINT('',(0.785,-3.125,-0.275));
#2658 = LINE('',#2659,#2660);
#2659 = CARTESIAN_POINT('',(0.785,-4.925,-0.275));
#2660 = VECTOR('',#2661,1.);
#2661 = DIRECTION('',(0.,1.,0.));
#2662 = ORIENTED_EDGE('',*,*,#2663,.T.);
#2663 = EDGE_CURVE('',#2656,#2627,#2664,.T.);
#2664 = LINE('',#2665,#2666);
#2665 = CARTESIAN_POINT('',(0.785,-3.125,-0.275));
#2666 = VECTOR('',#2667,1.);
#2667 = DIRECTION('',(0.,0.,-1.));
#2668 = ORIENTED_EDGE('',*,*,#2626,.F.);
#2669 = PLANE('',#2670);
#2670 = AXIS2_PLACEMENT_3D('',#2671,#2672,#2673);
#2671 = CARTESIAN_POINT('',(0.785,-4.3,-0.45));
#2672 = DIRECTION('',(1.,0.,0.));
#2673 = DIRECTION('',(0.,0.,-1.));
#2674 = ADVANCED_FACE('',(#2675),#2716,.T.);
#2675 = FACE_BOUND('',#2676,.F.);
#2676 = EDGE_LOOP('',(#2677,#2687,#2695,#2701,#2702,#2710));
#2677 = ORIENTED_EDGE('',*,*,#2678,.T.);
#2678 = EDGE_CURVE('',#2679,#2681,#2683,.T.);
#2679 = VERTEX_POINT('',#2680);
#2680 = CARTESIAN_POINT('',(0.785,-0.125,-0.195));
#2681 = VERTEX_POINT('',#2682);
#2682 = CARTESIAN_POINT('',(0.785,-0.125,-0.760714285714));
#2683 = LINE('',#2684,#2685);
#2684 = CARTESIAN_POINT('',(0.785,-0.125,-0.195));
#2685 = VECTOR('',#2686,1.);
#2686 = DIRECTION('',(0.,0.,-1.));
#2687 = ORIENTED_EDGE('',*,*,#2688,.F.);
#2688 = EDGE_CURVE('',#2689,#2681,#2691,.T.);
#2689 = VERTEX_POINT('',#2690);
#2690 = CARTESIAN_POINT('',(0.785,-0.425,-0.825));
#2691 = LINE('',#2692,#2693);
#2692 = CARTESIAN_POINT('',(0.785,-0.425,-0.825));
#2693 = VECTOR('',#2694,1.);
#2694 = DIRECTION('',(0.,0.977802414077,0.209529088731));
#2695 = ORIENTED_EDGE('',*,*,#2696,.F.);
#2696 = EDGE_CURVE('',#1827,#2689,#2697,.T.);
#2697 = LINE('',#2698,#2699);
#2698 = CARTESIAN_POINT('',(0.785,-1.975,-0.825));
#2699 = VECTOR('',#2700,1.);
#2700 = DIRECTION('',(0.,1.,0.));
#2701 = ORIENTED_EDGE('',*,*,#1826,.F.);
#2702 = ORIENTED_EDGE('',*,*,#2703,.T.);
#2703 = EDGE_CURVE('',#1819,#2704,#2706,.T.);
#2704 = VERTEX_POINT('',#2705);
#2705 = CARTESIAN_POINT('',(0.785,-0.725,-7.5E-02));
#2706 = LINE('',#2707,#2708);
#2707 = CARTESIAN_POINT('',(0.785,-1.975,-7.5E-02));
#2708 = VECTOR('',#2709,1.);
#2709 = DIRECTION('',(0.,1.,0.));
#2710 = ORIENTED_EDGE('',*,*,#2711,.F.);
#2711 = EDGE_CURVE('',#2679,#2704,#2712,.T.);
#2712 = LINE('',#2713,#2714);
#2713 = CARTESIAN_POINT('',(0.785,-0.125,-0.195));
#2714 = VECTOR('',#2715,1.);
#2715 = DIRECTION('',(0.,-0.980580675691,0.196116135138));
#2716 = PLANE('',#2717);
#2717 = AXIS2_PLACEMENT_3D('',#2718,#2719,#2720);
#2718 = CARTESIAN_POINT('',(0.785,-4.3,-0.45));
#2719 = DIRECTION('',(1.,0.,0.));
#2720 = DIRECTION('',(0.,0.,-1.));
#2721 = ADVANCED_FACE('',(#2722),#2728,.T.);
#2722 = FACE_BOUND('',#2723,.F.);
#2723 = EDGE_LOOP('',(#2724,#2725,#2726,#2727));
#2724 = ORIENTED_EDGE('',*,*,#2587,.T.);
#2725 = ORIENTED_EDGE('',*,*,#2563,.F.);
#2726 = ORIENTED_EDGE('',*,*,#2649,.F.);
#2727 = ORIENTED_EDGE('',*,*,#2611,.T.);
#2728 = PLANE('',#2729);
#2729 = AXIS2_PLACEMENT_3D('',#2730,#2731,#2732);
#2730 = CARTESIAN_POINT('',(0.73,-5.225,-0.45));
#2731 = DIRECTION('',(0.983606557377,-0.180327868853,0.));
#2732 = DIRECTION('',(0.180327868853,0.983606557377,0.));
#2733 = ADVANCED_FACE('',(#2734),#2745,.T.);
#2734 = FACE_BOUND('',#2735,.F.);
#2735 = EDGE_LOOP('',(#2736,#2737,#2738,#2744));
#2736 = ORIENTED_EDGE('',*,*,#2555,.T.);
#2737 = ORIENTED_EDGE('',*,*,#2454,.T.);
#2738 = ORIENTED_EDGE('',*,*,#2739,.T.);
#2739 = EDGE_CURVE('',#2447,#2656,#2740,.T.);
#2740 = LINE('',#2741,#2742);
#2741 = CARTESIAN_POINT('',(0.465,-3.125,-0.275));
#2742 = VECTOR('',#2743,1.);
#2743 = DIRECTION('',(1.,0.,0.));
#2744 = ORIENTED_EDGE('',*,*,#2655,.F.);
#2745 = PLANE('',#2746);
#2746 = AXIS2_PLACEMENT_3D('',#2747,#2748,#2749);
#2747 = CARTESIAN_POINT('',(0.625,-4.3,-0.275));
#2748 = DIRECTION('',(0.,0.,1.));
#2749 = DIRECTION('',(1.,0.,-0.));
#2750 = ADVANCED_FACE('',(#2751,#2776),#2782,.F.);
#2751 = FACE_BOUND('',#2752,.F.);
#2752 = EDGE_LOOP('',(#2753,#2754,#2762,#2770));
#2753 = ORIENTED_EDGE('',*,*,#854,.F.);
#2754 = ORIENTED_EDGE('',*,*,#2755,.T.);
#2755 = EDGE_CURVE('',#847,#2756,#2758,.T.);
#2756 = VERTEX_POINT('',#2757);
#2757 = CARTESIAN_POINT('',(0.35,-3.125,-1.3));
#2758 = LINE('',#2759,#2760);
#2759 = CARTESIAN_POINT('',(0.9,-3.125,-1.3));
#2760 = VECTOR('',#2761,1.);
#2761 = DIRECTION('',(-1.,0.,0.));
#2762 = ORIENTED_EDGE('',*,*,#2763,.T.);
#2763 = EDGE_CURVE('',#2756,#2764,#2766,.T.);
#2764 = VERTEX_POINT('',#2765);
#2765 = CARTESIAN_POINT('',(0.35,-3.125,0.4));
#2766 = LINE('',#2767,#2768);
#2767 = CARTESIAN_POINT('',(0.35,-3.125,-1.3));
#2768 = VECTOR('',#2769,1.);
#2769 = DIRECTION('',(0.,0.,1.));
#2770 = ORIENTED_EDGE('',*,*,#2771,.F.);
#2771 = EDGE_CURVE('',#855,#2764,#2772,.T.);
#2772 = LINE('',#2773,#2774);
#2773 = CARTESIAN_POINT('',(0.9,-3.125,0.4));
#2774 = VECTOR('',#2775,1.);
#2775 = DIRECTION('',(-1.,0.,0.));
#2776 = FACE_BOUND('',#2777,.F.);
#2777 = EDGE_LOOP('',(#2778,#2779,#2780,#2781));
#2778 = ORIENTED_EDGE('',*,*,#2446,.F.);
#2779 = ORIENTED_EDGE('',*,*,#2634,.F.);
#2780 = ORIENTED_EDGE('',*,*,#2663,.F.);
#2781 = ORIENTED_EDGE('',*,*,#2739,.F.);
#2782 = PLANE('',#2783);
#2783 = AXIS2_PLACEMENT_3D('',#2784,#2785,#2786);
#2784 = CARTESIAN_POINT('',(0.9,-3.125,-1.3));
#2785 = DIRECTION('',(0.,1.,0.));
#2786 = DIRECTION('',(0.,-0.,1.));
#2787 = ADVANCED_FACE('',(#2788),#2806,.F.);
#2788 = FACE_BOUND('',#2789,.F.);
#2789 = EDGE_LOOP('',(#2790,#2791,#2799,#2805));
#2790 = ORIENTED_EDGE('',*,*,#846,.F.);
#2791 = ORIENTED_EDGE('',*,*,#2792,.T.);
#2792 = EDGE_CURVE('',#839,#2793,#2795,.T.);
#2793 = VERTEX_POINT('',#2794);
#2794 = CARTESIAN_POINT('',(0.35,-2.625,-1.3));
#2795 = LINE('',#2796,#2797);
#2796 = CARTESIAN_POINT('',(0.9,-2.625,-1.3));
#2797 = VECTOR('',#2798,1.);
#2798 = DIRECTION('',(-1.,0.,0.));
#2799 = ORIENTED_EDGE('',*,*,#2800,.T.);
#2800 = EDGE_CURVE('',#2793,#2756,#2801,.T.);
#2801 = LINE('',#2802,#2803);
#2802 = CARTESIAN_POINT('',(0.35,-2.625,-1.3));
#2803 = VECTOR('',#2804,1.);
#2804 = DIRECTION('',(0.,-1.,0.));
#2805 = ORIENTED_EDGE('',*,*,#2755,.F.);
#2806 = PLANE('',#2807);
#2807 = AXIS2_PLACEMENT_3D('',#2808,#2809,#2810);
#2808 = CARTESIAN_POINT('',(0.9,-2.625,-1.3));
#2809 = DIRECTION('',(0.,0.,1.));
#2810 = DIRECTION('',(0.,-1.,0.));
#2811 = ADVANCED_FACE('',(#2812),#2823,.F.);
#2812 = FACE_BOUND('',#2813,.F.);
#2813 = EDGE_LOOP('',(#2814,#2815,#2821,#2822));
#2814 = ORIENTED_EDGE('',*,*,#1076,.F.);
#2815 = ORIENTED_EDGE('',*,*,#2816,.T.);
#2816 = EDGE_CURVE('',#1069,#2793,#2817,.T.);
#2817 = LINE('',#2818,#2819);
#2818 = CARTESIAN_POINT('',(0.35,-2.625,-1.6));
#2819 = VECTOR('',#2820,1.);
#2820 = DIRECTION('',(0.,0.,1.));
#2821 = ORIENTED_EDGE('',*,*,#2792,.F.);
#2822 = ORIENTED_EDGE('',*,*,#838,.F.);
#2823 = PLANE('',#2824);
#2824 = AXIS2_PLACEMENT_3D('',#2825,#2826,#2827);
#2825 = CARTESIAN_POINT('',(0.9,-2.625,-1.6));
#2826 = DIRECTION('',(0.,1.,0.));
#2827 = DIRECTION('',(0.,-0.,1.));
#2828 = ADVANCED_FACE('',(#2829),#2851,.T.);
#2829 = FACE_BOUND('',#2830,.F.);
#2830 = EDGE_LOOP('',(#2831,#2832,#2840,#2846,#2847,#2848,#2849,#2850));
#2831 = ORIENTED_EDGE('',*,*,#964,.T.);
#2832 = ORIENTED_EDGE('',*,*,#2833,.F.);
#2833 = EDGE_CURVE('',#2834,#957,#2836,.T.);
#2834 = VERTEX_POINT('',#2835);
#2835 = CARTESIAN_POINT('',(0.35,-2.925,0.4));
#2836 = LINE('',#2837,#2838);
#2837 = CARTESIAN_POINT('',(0.35,-2.925,0.4));
#2838 = VECTOR('',#2839,1.);
#2839 = DIRECTION('',(0.,0.,1.));
#2840 = ORIENTED_EDGE('',*,*,#2841,.F.);
#2841 = EDGE_CURVE('',#2764,#2834,#2842,.T.);
#2842 = LINE('',#2843,#2844);
#2843 = CARTESIAN_POINT('',(0.35,-3.125,0.4));
#2844 = VECTOR('',#2845,1.);
#2845 = DIRECTION('',(0.,1.,0.));
#2846 = ORIENTED_EDGE('',*,*,#2763,.F.);
#2847 = ORIENTED_EDGE('',*,*,#2800,.F.);
#2848 = ORIENTED_EDGE('',*,*,#2816,.F.);
#2849 = ORIENTED_EDGE('',*,*,#1068,.F.);
#2850 = ORIENTED_EDGE('',*,*,#759,.F.);
#2851 = PLANE('',#2852);
#2852 = AXIS2_PLACEMENT_3D('',#2853,#2854,#2855);
#2853 = CARTESIAN_POINT('',(0.35,0.,0.));
#2854 = DIRECTION('',(1.,0.,0.));
#2855 = DIRECTION('',(-0.,1.,0.));
#2856 = ADVANCED_FACE('',(#2857),#2868,.F.);
#2857 = FACE_BOUND('',#2858,.F.);
#2858 = EDGE_LOOP('',(#2859,#2860,#2861,#2867));
#2859 = ORIENTED_EDGE('',*,*,#956,.T.);
#2860 = ORIENTED_EDGE('',*,*,#870,.F.);
#2861 = ORIENTED_EDGE('',*,*,#2862,.T.);
#2862 = EDGE_CURVE('',#863,#2834,#2863,.T.);
#2863 = LINE('',#2864,#2865);
#2864 = CARTESIAN_POINT('',(0.9,-2.925,0.4));
#2865 = VECTOR('',#2866,1.);
#2866 = DIRECTION('',(-1.,0.,0.));
#2867 = ORIENTED_EDGE('',*,*,#2833,.T.);
#2868 = PLANE('',#2869);
#2869 = AXIS2_PLACEMENT_3D('',#2870,#2871,#2872);
#2870 = CARTESIAN_POINT('',(0.9,-2.925,0.4));
#2871 = DIRECTION('',(0.,1.,0.));
#2872 = DIRECTION('',(0.,-0.,1.));
#2873 = ADVANCED_FACE('',(#2874),#2880,.F.);
#2874 = FACE_BOUND('',#2875,.F.);
#2875 = EDGE_LOOP('',(#2876,#2877,#2878,#2879));
#2876 = ORIENTED_EDGE('',*,*,#862,.F.);
#2877 = ORIENTED_EDGE('',*,*,#2771,.T.);
#2878 = ORIENTED_EDGE('',*,*,#2841,.T.);
#2879 = ORIENTED_EDGE('',*,*,#2862,.F.);
#2880 = PLANE('',#2881);
#2881 = AXIS2_PLACEMENT_3D('',#2882,#2883,#2884);
#2882 = CARTESIAN_POINT('',(0.9,-3.125,0.4));
#2883 = DIRECTION('',(0.,0.,-1.));
#2884 = DIRECTION('',(0.,1.,0.));
#2885 = ADVANCED_FACE('',(#2886),#2911,.T.);
#2886 = FACE_BOUND('',#2887,.F.);
#2887 = EDGE_LOOP('',(#2888,#2889,#2897,#2905));
#2888 = ORIENTED_EDGE('',*,*,#2678,.F.);
#2889 = ORIENTED_EDGE('',*,*,#2890,.T.);
#2890 = EDGE_CURVE('',#2679,#2891,#2893,.T.);
#2891 = VERTEX_POINT('',#2892);
#2892 = CARTESIAN_POINT('',(0.675,0.275,-0.275));
#2893 = LINE('',#2894,#2895);
#2894 = CARTESIAN_POINT('',(0.785,-0.125,-0.195));
#2895 = VECTOR('',#2896,1.);
#2896 = DIRECTION('',(-0.260359587582,0.946762136662,-0.189352427333));
#2897 = ORIENTED_EDGE('',*,*,#2898,.T.);
#2898 = EDGE_CURVE('',#2891,#2899,#2901,.T.);
#2899 = VERTEX_POINT('',#2900);
#2900 = CARTESIAN_POINT('',(0.675,0.275,-0.675));
#2901 = LINE('',#2902,#2903);
#2902 = CARTESIAN_POINT('',(0.675,0.275,-0.275));
#2903 = VECTOR('',#2904,1.);
#2904 = DIRECTION('',(0.,0.,-1.));
#2905 = ORIENTED_EDGE('',*,*,#2906,.F.);
#2906 = EDGE_CURVE('',#2681,#2899,#2907,.T.);
#2907 = LINE('',#2908,#2909);
#2908 = CARTESIAN_POINT('',(0.785,-0.125,-0.760714285714));
#2909 = VECTOR('',#2910,1.);
#2910 = DIRECTION('',(-0.25967172212,0.944260807708,0.202341601652));
#2911 = PLANE('',#2912);
#2912 = AXIS2_PLACEMENT_3D('',#2913,#2914,#2915);
#2913 = CARTESIAN_POINT('',(0.73,7.5E-02,-0.45));
#2914 = DIRECTION('',(0.964205392804,0.265156483021,0.));
#2915 = DIRECTION('',(0.265156483021,-0.964205392804,0.));
#2916 = ADVANCED_FACE('',(#2917),#2942,.T.);
#2917 = FACE_BOUND('',#2918,.F.);
#2918 = EDGE_LOOP('',(#2919,#2920,#2926,#2927,#2935,#2941));
#2919 = ORIENTED_EDGE('',*,*,#2711,.T.);
#2920 = ORIENTED_EDGE('',*,*,#2921,.F.);
#2921 = EDGE_CURVE('',#2487,#2704,#2922,.T.);
#2922 = LINE('',#2923,#2924);
#2923 = CARTESIAN_POINT('',(0.465,-0.725,-7.5E-02));
#2924 = VECTOR('',#2925,1.);
#2925 = DIRECTION('',(1.,0.,0.));
#2926 = ORIENTED_EDGE('',*,*,#2486,.T.);
#2927 = ORIENTED_EDGE('',*,*,#2928,.T.);
#2928 = EDGE_CURVE('',#2479,#2929,#2931,.T.);
#2929 = VERTEX_POINT('',#2930);
#2930 = CARTESIAN_POINT('',(0.575,0.275,-0.275));
#2931 = LINE('',#2932,#2933);
#2932 = CARTESIAN_POINT('',(0.465,-0.125,-0.195));
#2933 = VECTOR('',#2934,1.);
#2934 = DIRECTION('',(0.260359587582,0.946762136662,-0.189352427333));
#2935 = ORIENTED_EDGE('',*,*,#2936,.T.);
#2936 = EDGE_CURVE('',#2929,#2891,#2937,.T.);
#2937 = LINE('',#2938,#2939);
#2938 = CARTESIAN_POINT('',(0.575,0.275,-0.275));
#2939 = VECTOR('',#2940,1.);
#2940 = DIRECTION('',(1.,0.,0.));
#2941 = ORIENTED_EDGE('',*,*,#2890,.F.);
#2942 = PLANE('',#2943);
#2943 = AXIS2_PLACEMENT_3D('',#2944,#2945,#2946);
#2944 = CARTESIAN_POINT('',(0.625,-0.225,-0.175));
#2945 = DIRECTION('',(0.,0.196116135138,0.980580675691));
#2946 = DIRECTION('',(0.,-0.980580675691,0.196116135138));
#2947 = ADVANCED_FACE('',(#2948),#2954,.T.);
#2948 = FACE_BOUND('',#2949,.F.);
#2949 = EDGE_LOOP('',(#2950,#2951,#2952,#2953));
#2950 = ORIENTED_EDGE('',*,*,#2921,.T.);
#2951 = ORIENTED_EDGE('',*,*,#2703,.F.);
#2952 = ORIENTED_EDGE('',*,*,#1818,.F.);
#2953 = ORIENTED_EDGE('',*,*,#2494,.T.);
#2954 = PLANE('',#2955);
#2955 = AXIS2_PLACEMENT_3D('',#2956,#2957,#2958);
#2956 = CARTESIAN_POINT('',(0.625,-0.85,-7.5E-02));
#2957 = DIRECTION('',(0.,0.,1.));
#2958 = DIRECTION('',(1.,0.,-0.));
#2959 = ADVANCED_FACE('',(#2960),#2978,.T.);
#2960 = FACE_BOUND('',#2961,.F.);
#2961 = EDGE_LOOP('',(#2962,#2963,#2971,#2977));
#2962 = ORIENTED_EDGE('',*,*,#2478,.F.);
#2963 = ORIENTED_EDGE('',*,*,#2964,.T.);
#2964 = EDGE_CURVE('',#2469,#2965,#2967,.T.);
#2965 = VERTEX_POINT('',#2966);
#2966 = CARTESIAN_POINT('',(0.575,0.275,-0.675));
#2967 = LINE('',#2968,#2969);
#2968 = CARTESIAN_POINT('',(0.465,-0.125,-0.760714285714));
#2969 = VECTOR('',#2970,1.);
#2970 = DIRECTION('',(0.25967172212,0.944260807708,0.202341601652));
#2971 = ORIENTED_EDGE('',*,*,#2972,.T.);
#2972 = EDGE_CURVE('',#2965,#2929,#2973,.T.);
#2973 = LINE('',#2974,#2975);
#2974 = CARTESIAN_POINT('',(0.575,0.275,-0.675));
#2975 = VECTOR('',#2976,1.);
#2976 = DIRECTION('',(0.,0.,1.));
#2977 = ORIENTED_EDGE('',*,*,#2928,.F.);
#2978 = PLANE('',#2979);
#2979 = AXIS2_PLACEMENT_3D('',#2980,#2981,#2982);
#2980 = CARTESIAN_POINT('',(0.52,7.5E-02,-0.45));
#2981 = DIRECTION('',(-0.964205392804,0.265156483021,0.));
#2982 = DIRECTION('',(-0.265156483021,-0.964205392804,0.));
#2983 = ADVANCED_FACE('',(#2984),#3002,.T.);
#2984 = FACE_BOUND('',#2985,.F.);
#2985 = EDGE_LOOP('',(#2986,#2987,#2988,#2994,#2995,#2996));
#2986 = ORIENTED_EDGE('',*,*,#2688,.T.);
#2987 = ORIENTED_EDGE('',*,*,#2906,.T.);
#2988 = ORIENTED_EDGE('',*,*,#2989,.T.);
#2989 = EDGE_CURVE('',#2899,#2965,#2990,.T.);
#2990 = LINE('',#2991,#2992);
#2991 = CARTESIAN_POINT('',(0.675,0.275,-0.675));
#2992 = VECTOR('',#2993,1.);
#2993 = DIRECTION('',(-1.,0.,0.));
#2994 = ORIENTED_EDGE('',*,*,#2964,.F.);
#2995 = ORIENTED_EDGE('',*,*,#2468,.T.);
#2996 = ORIENTED_EDGE('',*,*,#2997,.F.);
#2997 = EDGE_CURVE('',#2689,#2471,#2998,.T.);
#2998 = LINE('',#2999,#3000);
#2999 = CARTESIAN_POINT('',(0.785,-0.425,-0.825));
#3000 = VECTOR('',#3001,1.);
#3001 = DIRECTION('',(-1.,0.,0.));
#3002 = PLANE('',#3003);
#3003 = AXIS2_PLACEMENT_3D('',#3004,#3005,#3006);
#3004 = CARTESIAN_POINT('',(0.625,-7.5E-02,-0.75));
#3005 = DIRECTION('',(0.,0.209529088731,-0.977802414077));
#3006 = DIRECTION('',(0.,-0.977802414077,-0.209529088731));
#3007 = ADVANCED_FACE('',(#3008),#3014,.T.);
#3008 = FACE_BOUND('',#3009,.F.);
#3009 = EDGE_LOOP('',(#3010,#3011,#3012,#3013));
#3010 = ORIENTED_EDGE('',*,*,#2898,.F.);
#3011 = ORIENTED_EDGE('',*,*,#2936,.F.);
#3012 = ORIENTED_EDGE('',*,*,#2972,.F.);
#3013 = ORIENTED_EDGE('',*,*,#2989,.F.);
#3014 = PLANE('',#3015);
#3015 = AXIS2_PLACEMENT_3D('',#3016,#3017,#3018);
#3016 = CARTESIAN_POINT('',(-2.125,0.275,-1.6));
#3017 = DIRECTION('',(0.,1.,0.));
#3018 = DIRECTION('',(1.,0.,0.));
#3019 = ADVANCED_FACE('',(#3020),#3026,.T.);
#3020 = FACE_BOUND('',#3021,.F.);
#3021 = EDGE_LOOP('',(#3022,#3023,#3024,#3025));
#3022 = ORIENTED_EDGE('',*,*,#2997,.T.);
#3023 = ORIENTED_EDGE('',*,*,#2501,.F.);
#3024 = ORIENTED_EDGE('',*,*,#1834,.F.);
#3025 = ORIENTED_EDGE('',*,*,#2696,.T.);
#3026 = PLANE('',#3027);
#3027 = AXIS2_PLACEMENT_3D('',#3028,#3029,#3030);
#3028 = CARTESIAN_POINT('',(0.625,-0.85,-0.825));
#3029 = DIRECTION('',(0.,0.,-1.));
#3030 = DIRECTION('',(-1.,0.,0.));
#3031 = ADVANCED_FACE('',(#3032),#3066,.T.);
#3032 = FACE_BOUND('',#3033,.F.);
#3033 = EDGE_LOOP('',(#3034,#3044,#3052,#3060));
#3034 = ORIENTED_EDGE('',*,*,#3035,.T.);
#3035 = EDGE_CURVE('',#3036,#3038,#3040,.T.);
#3036 = VERTEX_POINT('',#3037);
#3037 = CARTESIAN_POINT('',(-0.785,-4.925,-0.275));
#3038 = VERTEX_POINT('',#3039);
#3039 = CARTESIAN_POINT('',(-0.785,-4.925,-0.625));
#3040 = LINE('',#3041,#3042);
#3041 = CARTESIAN_POINT('',(-0.785,-4.925,-0.275));
#3042 = VECTOR('',#3043,1.);
#3043 = DIRECTION('',(0.,0.,-1.));
#3044 = ORIENTED_EDGE('',*,*,#3045,.T.);
#3045 = EDGE_CURVE('',#3038,#3046,#3048,.T.);
#3046 = VERTEX_POINT('',#3047);
#3047 = CARTESIAN_POINT('',(-0.785,-3.125,-0.625));
#3048 = LINE('',#3049,#3050);
#3049 = CARTESIAN_POINT('',(-0.785,-4.925,-0.625));
#3050 = VECTOR('',#3051,1.);
#3051 = DIRECTION('',(0.,1.,0.));
#3052 = ORIENTED_EDGE('',*,*,#3053,.T.);
#3053 = EDGE_CURVE('',#3046,#3054,#3056,.T.);
#3054 = VERTEX_POINT('',#3055);
#3055 = CARTESIAN_POINT('',(-0.785,-3.125,-0.275));
#3056 = LINE('',#3057,#3058);
#3057 = CARTESIAN_POINT('',(-0.785,-3.125,-0.625));
#3058 = VECTOR('',#3059,1.);
#3059 = DIRECTION('',(0.,0.,1.));
#3060 = ORIENTED_EDGE('',*,*,#3061,.F.);
#3061 = EDGE_CURVE('',#3036,#3054,#3062,.T.);
#3062 = LINE('',#3063,#3064);
#3063 = CARTESIAN_POINT('',(-0.785,-4.925,-0.275));
#3064 = VECTOR('',#3065,1.);
#3065 = DIRECTION('',(0.,1.,0.));
#3066 = PLANE('',#3067);
#3067 = AXIS2_PLACEMENT_3D('',#3068,#3069,#3070);
#3068 = CARTESIAN_POINT('',(-0.785,-4.3,-0.45));
#3069 = DIRECTION('',(-1.,0.,0.));
#3070 = DIRECTION('',(0.,0.,1.));
#3071 = ADVANCED_FACE('',(#3072),#3113,.T.);
#3072 = FACE_BOUND('',#3073,.F.);
#3073 = EDGE_LOOP('',(#3074,#3084,#3092,#3100,#3106,#3107));
#3074 = ORIENTED_EDGE('',*,*,#3075,.F.);
#3075 = EDGE_CURVE('',#3076,#3078,#3080,.T.);
#3076 = VERTEX_POINT('',#3077);
#3077 = CARTESIAN_POINT('',(-0.785,-0.125,-0.760714285714));
#3078 = VERTEX_POINT('',#3079);
#3079 = CARTESIAN_POINT('',(-0.785,-0.425,-0.825));
#3080 = LINE('',#3081,#3082);
#3081 = CARTESIAN_POINT('',(-0.785,-0.125,-0.760714285714));
#3082 = VECTOR('',#3083,1.);
#3083 = DIRECTION('',(0.,-0.977802414077,-0.209529088731));
#3084 = ORIENTED_EDGE('',*,*,#3085,.T.);
#3085 = EDGE_CURVE('',#3076,#3086,#3088,.T.);
#3086 = VERTEX_POINT('',#3087);
#3087 = CARTESIAN_POINT('',(-0.785,-0.125,-0.195));
#3088 = LINE('',#3089,#3090);
#3089 = CARTESIAN_POINT('',(-0.785,-0.125,-0.760714285714));
#3090 = VECTOR('',#3091,1.);
#3091 = DIRECTION('',(0.,0.,1.));
#3092 = ORIENTED_EDGE('',*,*,#3093,.F.);
#3093 = EDGE_CURVE('',#3094,#3086,#3096,.T.);
#3094 = VERTEX_POINT('',#3095);
#3095 = CARTESIAN_POINT('',(-0.785,-0.725,-7.5E-02));
#3096 = LINE('',#3097,#3098);
#3097 = CARTESIAN_POINT('',(-0.785,-0.725,-7.5E-02));
#3098 = VECTOR('',#3099,1.);
#3099 = DIRECTION('',(0.,0.980580675691,-0.196116135138));
#3100 = ORIENTED_EDGE('',*,*,#3101,.F.);
#3101 = EDGE_CURVE('',#1845,#3094,#3102,.T.);
#3102 = LINE('',#3103,#3104);
#3103 = CARTESIAN_POINT('',(-0.785,-1.975,-7.5E-02));
#3104 = VECTOR('',#3105,1.);
#3105 = DIRECTION('',(0.,1.,0.));
#3106 = ORIENTED_EDGE('',*,*,#1842,.F.);
#3107 = ORIENTED_EDGE('',*,*,#3108,.T.);
#3108 = EDGE_CURVE('',#1843,#3078,#3109,.T.);
#3109 = LINE('',#3110,#3111);
#3110 = CARTESIAN_POINT('',(-0.785,-1.975,-0.825));
#3111 = VECTOR('',#3112,1.);
#3112 = DIRECTION('',(0.,1.,0.));
#3113 = PLANE('',#3114);
#3114 = AXIS2_PLACEMENT_3D('',#3115,#3116,#3117);
#3115 = CARTESIAN_POINT('',(-0.785,-4.3,-0.45));
#3116 = DIRECTION('',(-1.,0.,0.));
#3117 = DIRECTION('',(0.,0.,1.));
#3118 = ADVANCED_FACE('',(#3119),#3144,.T.);
#3119 = FACE_BOUND('',#3120,.F.);
#3120 = EDGE_LOOP('',(#3121,#3129,#3137,#3143));
#3121 = ORIENTED_EDGE('',*,*,#3122,.T.);
#3122 = EDGE_CURVE('',#3036,#3123,#3125,.T.);
#3123 = VERTEX_POINT('',#3124);
#3124 = CARTESIAN_POINT('',(-0.675,-5.525,-0.385));
#3125 = LINE('',#3126,#3127);
#3126 = CARTESIAN_POINT('',(-0.785,-4.925,-0.275));
#3127 = VECTOR('',#3128,1.);
#3128 = DIRECTION('',(0.177465527736,-0.967993787651,-0.177465527736));
#3129 = ORIENTED_EDGE('',*,*,#3130,.T.);
#3130 = EDGE_CURVE('',#3123,#3131,#3133,.T.);
#3131 = VERTEX_POINT('',#3132);
#3132 = CARTESIAN_POINT('',(-0.675,-5.525,-0.515));
#3133 = LINE('',#3134,#3135);
#3134 = CARTESIAN_POINT('',(-0.675,-5.525,-0.385));
#3135 = VECTOR('',#3136,1.);
#3136 = DIRECTION('',(0.,0.,-1.));
#3137 = ORIENTED_EDGE('',*,*,#3138,.F.);
#3138 = EDGE_CURVE('',#3038,#3131,#3139,.T.);
#3139 = LINE('',#3140,#3141);
#3140 = CARTESIAN_POINT('',(-0.785,-4.925,-0.625));
#3141 = VECTOR('',#3142,1.);
#3142 = DIRECTION('',(0.177465527736,-0.967993787651,0.177465527736));
#3143 = ORIENTED_EDGE('',*,*,#3035,.F.);
#3144 = PLANE('',#3145);
#3145 = AXIS2_PLACEMENT_3D('',#3146,#3147,#3148);
#3146 = CARTESIAN_POINT('',(-0.73,-5.225,-0.45));
#3147 = DIRECTION('',(-0.983606557377,-0.180327868853,0.));
#3148 = DIRECTION('',(-0.180327868853,0.983606557377,0.));
#3149 = ADVANCED_FACE('',(#3150),#3175,.T.);
#3150 = FACE_BOUND('',#3151,.F.);
#3151 = EDGE_LOOP('',(#3152,#3153,#3161,#3169));
#3152 = ORIENTED_EDGE('',*,*,#3122,.F.);
#3153 = ORIENTED_EDGE('',*,*,#3154,.F.);
#3154 = EDGE_CURVE('',#3155,#3036,#3157,.T.);
#3155 = VERTEX_POINT('',#3156);
#3156 = CARTESIAN_POINT('',(-0.465,-4.925,-0.275));
#3157 = LINE('',#3158,#3159);
#3158 = CARTESIAN_POINT('',(-0.465,-4.925,-0.275));
#3159 = VECTOR('',#3160,1.);
#3160 = DIRECTION('',(-1.,0.,0.));
#3161 = ORIENTED_EDGE('',*,*,#3162,.T.);
#3162 = EDGE_CURVE('',#3155,#3163,#3165,.T.);
#3163 = VERTEX_POINT('',#3164);
#3164 = CARTESIAN_POINT('',(-0.575,-5.525,-0.385));
#3165 = LINE('',#3166,#3167);
#3166 = CARTESIAN_POINT('',(-0.465,-4.925,-0.275));
#3167 = VECTOR('',#3168,1.);
#3168 = DIRECTION('',(-0.177465527736,-0.967993787651,-0.177465527736));
#3169 = ORIENTED_EDGE('',*,*,#3170,.T.);
#3170 = EDGE_CURVE('',#3163,#3123,#3171,.T.);
#3171 = LINE('',#3172,#3173);
#3172 = CARTESIAN_POINT('',(-0.575,-5.525,-0.385));
#3173 = VECTOR('',#3174,1.);
#3174 = DIRECTION('',(-1.,0.,0.));
#3175 = PLANE('',#3176);
#3176 = AXIS2_PLACEMENT_3D('',#3177,#3178,#3179);
#3177 = CARTESIAN_POINT('',(-0.625,-5.225,-0.33));
#3178 = DIRECTION('',(0.,-0.180327868853,0.983606557377));
#3179 = DIRECTION('',(0.,0.983606557377,0.180327868853));
#3180 = ADVANCED_FACE('',(#3181),#3199,.T.);
#3181 = FACE_BOUND('',#3182,.F.);
#3182 = EDGE_LOOP('',(#3183,#3184,#3185,#3193));
#3183 = ORIENTED_EDGE('',*,*,#3154,.T.);
#3184 = ORIENTED_EDGE('',*,*,#3061,.T.);
#3185 = ORIENTED_EDGE('',*,*,#3186,.T.);
#3186 = EDGE_CURVE('',#3054,#3187,#3189,.T.);
#3187 = VERTEX_POINT('',#3188);
#3188 = CARTESIAN_POINT('',(-0.465,-3.125,-0.275));
#3189 = LINE('',#3190,#3191);
#3190 = CARTESIAN_POINT('',(-0.785,-3.125,-0.275));
#3191 = VECTOR('',#3192,1.);
#3192 = DIRECTION('',(1.,0.,0.));
#3193 = ORIENTED_EDGE('',*,*,#3194,.F.);
#3194 = EDGE_CURVE('',#3155,#3187,#3195,.T.);
#3195 = LINE('',#3196,#3197);
#3196 = CARTESIAN_POINT('',(-0.465,-4.925,-0.275));
#3197 = VECTOR('',#3198,1.);
#3198 = DIRECTION('',(0.,1.,0.));
#3199 = PLANE('',#3200);
#3200 = AXIS2_PLACEMENT_3D('',#3201,#3202,#3203);
#3201 = CARTESIAN_POINT('',(-0.625,-4.3,-0.275));
#3202 = DIRECTION('',(0.,0.,1.));
#3203 = DIRECTION('',(1.,0.,-0.));
#3204 = ADVANCED_FACE('',(#3205,#3230),#3248,.F.);
#3205 = FACE_BOUND('',#3206,.F.);
#3206 = EDGE_LOOP('',(#3207,#3208,#3216,#3224));
#3207 = ORIENTED_EDGE('',*,*,#997,.F.);
#3208 = ORIENTED_EDGE('',*,*,#3209,.T.);
#3209 = EDGE_CURVE('',#990,#3210,#3212,.T.);
#3210 = VERTEX_POINT('',#3211);
#3211 = CARTESIAN_POINT('',(-0.9,-3.125,-1.3));
#3212 = LINE('',#3213,#3214);
#3213 = CARTESIAN_POINT('',(-0.35,-3.125,-1.3));
#3214 = VECTOR('',#3215,1.);
#3215 = DIRECTION('',(-1.,0.,0.));
#3216 = ORIENTED_EDGE('',*,*,#3217,.T.);
#3217 = EDGE_CURVE('',#3210,#3218,#3220,.T.);
#3218 = VERTEX_POINT('',#3219);
#3219 = CARTESIAN_POINT('',(-0.9,-3.125,0.4));
#3220 = LINE('',#3221,#3222);
#3221 = CARTESIAN_POINT('',(-0.9,-3.125,-1.3));
#3222 = VECTOR('',#3223,1.);
#3223 = DIRECTION('',(0.,0.,1.));
#3224 = ORIENTED_EDGE('',*,*,#3225,.F.);
#3225 = EDGE_CURVE('',#998,#3218,#3226,.T.);
#3226 = LINE('',#3227,#3228);
#3227 = CARTESIAN_POINT('',(-0.35,-3.125,0.4));
#3228 = VECTOR('',#3229,1.);
#3229 = DIRECTION('',(-1.,0.,0.));
#3230 = FACE_BOUND('',#3231,.F.);
#3231 = EDGE_LOOP('',(#3232,#3233,#3241,#3247));
#3232 = ORIENTED_EDGE('',*,*,#3053,.F.);
#3233 = ORIENTED_EDGE('',*,*,#3234,.F.);
#3234 = EDGE_CURVE('',#3235,#3046,#3237,.T.);
#3235 = VERTEX_POINT('',#3236);
#3236 = CARTESIAN_POINT('',(-0.465,-3.125,-0.625));
#3237 = LINE('',#3238,#3239);
#3238 = CARTESIAN_POINT('',(-0.465,-3.125,-0.625));
#3239 = VECTOR('',#3240,1.);
#3240 = DIRECTION('',(-1.,0.,0.));
#3241 = ORIENTED_EDGE('',*,*,#3242,.F.);
#3242 = EDGE_CURVE('',#3187,#3235,#3243,.T.);
#3243 = LINE('',#3244,#3245);
#3244 = CARTESIAN_POINT('',(-0.465,-3.125,-0.275));
#3245 = VECTOR('',#3246,1.);
#3246 = DIRECTION('',(0.,0.,-1.));
#3247 = ORIENTED_EDGE('',*,*,#3186,.F.);
#3248 = PLANE('',#3249);
#3249 = AXIS2_PLACEMENT_3D('',#3250,#3251,#3252);
#3250 = CARTESIAN_POINT('',(-0.35,-3.125,-1.3));
#3251 = DIRECTION('',(0.,1.,0.));
#3252 = DIRECTION('',(0.,-0.,1.));
#3253 = ADVANCED_FACE('',(#3254),#3265,.F.);
#3254 = FACE_BOUND('',#3255,.F.);
#3255 = EDGE_LOOP('',(#3256,#3257,#3258,#3264));
#3256 = ORIENTED_EDGE('',*,*,#989,.F.);
#3257 = ORIENTED_EDGE('',*,*,#1052,.T.);
#3258 = ORIENTED_EDGE('',*,*,#3259,.T.);
#3259 = EDGE_CURVE('',#1045,#3210,#3260,.T.);
#3260 = LINE('',#3261,#3262);
#3261 = CARTESIAN_POINT('',(-0.9,-2.625,-1.3));
#3262 = VECTOR('',#3263,1.);
#3263 = DIRECTION('',(0.,-1.,0.));
#3264 = ORIENTED_EDGE('',*,*,#3209,.F.);
#3265 = PLANE('',#3266);
#3266 = AXIS2_PLACEMENT_3D('',#3267,#3268,#3269);
#3267 = CARTESIAN_POINT('',(-0.35,-2.625,-1.3));
#3268 = DIRECTION('',(0.,0.,1.));
#3269 = DIRECTION('',(0.,-1.,0.));
#3270 = ADVANCED_FACE('',(#3271),#3293,.T.);
#3271 = FACE_BOUND('',#3272,.F.);
#3272 = EDGE_LOOP('',(#3273,#3274,#3275,#3276,#3277,#3285,#3291,#3292));
#3273 = ORIENTED_EDGE('',*,*,#1044,.F.);
#3274 = ORIENTED_EDGE('',*,*,#1130,.F.);
#3275 = ORIENTED_EDGE('',*,*,#781,.F.);
#3276 = ORIENTED_EDGE('',*,*,#900,.T.);
#3277 = ORIENTED_EDGE('',*,*,#3278,.F.);
#3278 = EDGE_CURVE('',#3279,#893,#3281,.T.);
#3279 = VERTEX_POINT('',#3280);
#3280 = CARTESIAN_POINT('',(-0.9,-2.925,0.4));
#3281 = LINE('',#3282,#3283);
#3282 = CARTESIAN_POINT('',(-0.9,-2.925,0.4));
#3283 = VECTOR('',#3284,1.);
#3284 = DIRECTION('',(0.,0.,1.));
#3285 = ORIENTED_EDGE('',*,*,#3286,.F.);
#3286 = EDGE_CURVE('',#3218,#3279,#3287,.T.);
#3287 = LINE('',#3288,#3289);
#3288 = CARTESIAN_POINT('',(-0.9,-3.125,0.4));
#3289 = VECTOR('',#3290,1.);
#3290 = DIRECTION('',(0.,1.,0.));
#3291 = ORIENTED_EDGE('',*,*,#3217,.F.);
#3292 = ORIENTED_EDGE('',*,*,#3259,.F.);
#3293 = PLANE('',#3294);
#3294 = AXIS2_PLACEMENT_3D('',#3295,#3296,#3297);
#3295 = CARTESIAN_POINT('',(-0.9,0.,0.));
#3296 = DIRECTION('',(1.,0.,0.));
#3297 = DIRECTION('',(-0.,1.,0.));
#3298 = ADVANCED_FACE('',(#3299),#3310,.F.);
#3299 = FACE_BOUND('',#3300,.F.);
#3300 = EDGE_LOOP('',(#3301,#3302,#3308,#3309));
#3301 = ORIENTED_EDGE('',*,*,#1013,.F.);
#3302 = ORIENTED_EDGE('',*,*,#3303,.T.);
#3303 = EDGE_CURVE('',#1006,#3279,#3304,.T.);
#3304 = LINE('',#3305,#3306);
#3305 = CARTESIAN_POINT('',(-0.35,-2.925,0.4));
#3306 = VECTOR('',#3307,1.);
#3307 = DIRECTION('',(-1.,0.,0.));
#3308 = ORIENTED_EDGE('',*,*,#3278,.T.);
#3309 = ORIENTED_EDGE('',*,*,#892,.T.);
#3310 = PLANE('',#3311);
#3311 = AXIS2_PLACEMENT_3D('',#3312,#3313,#3314);
#3312 = CARTESIAN_POINT('',(-0.35,-2.925,0.4));
#3313 = DIRECTION('',(0.,1.,0.));
#3314 = DIRECTION('',(0.,-0.,1.));
#3315 = ADVANCED_FACE('',(#3316),#3322,.F.);
#3316 = FACE_BOUND('',#3317,.F.);
#3317 = EDGE_LOOP('',(#3318,#3319,#3320,#3321));
#3318 = ORIENTED_EDGE('',*,*,#1005,.F.);
#3319 = ORIENTED_EDGE('',*,*,#3225,.T.);
#3320 = ORIENTED_EDGE('',*,*,#3286,.T.);
#3321 = ORIENTED_EDGE('',*,*,#3303,.F.);
#3322 = PLANE('',#3323);
#3323 = AXIS2_PLACEMENT_3D('',#3324,#3325,#3326);
#3324 = CARTESIAN_POINT('',(-0.35,-3.125,0.4));
#3325 = DIRECTION('',(0.,0.,-1.));
#3326 = DIRECTION('',(0.,1.,0.));
#3327 = ADVANCED_FACE('',(#3328),#3346,.T.);
#3328 = FACE_BOUND('',#3329,.F.);
#3329 = EDGE_LOOP('',(#3330,#3338,#3344,#3345));
#3330 = ORIENTED_EDGE('',*,*,#3331,.T.);
#3331 = EDGE_CURVE('',#3038,#3332,#3334,.T.);
#3332 = VERTEX_POINT('',#3333);
#3333 = CARTESIAN_POINT('',(-0.465,-4.925,-0.625));
#3334 = LINE('',#3335,#3336);
#3335 = CARTESIAN_POINT('',(-0.785,-4.925,-0.625));
#3336 = VECTOR('',#3337,1.);
#3337 = DIRECTION('',(1.,0.,0.));
#3338 = ORIENTED_EDGE('',*,*,#3339,.T.);
#3339 = EDGE_CURVE('',#3332,#3235,#3340,.T.);
#3340 = LINE('',#3341,#3342);
#3341 = CARTESIAN_POINT('',(-0.465,-4.925,-0.625));
#3342 = VECTOR('',#3343,1.);
#3343 = DIRECTION('',(0.,1.,0.));
#3344 = ORIENTED_EDGE('',*,*,#3234,.T.);
#3345 = ORIENTED_EDGE('',*,*,#3045,.F.);
#3346 = PLANE('',#3347);
#3347 = AXIS2_PLACEMENT_3D('',#3348,#3349,#3350);
#3348 = CARTESIAN_POINT('',(-0.625,-4.3,-0.625));
#3349 = DIRECTION('',(0.,0.,-1.));
#3350 = DIRECTION('',(-1.,0.,0.));
#3351 = ADVANCED_FACE('',(#3352),#3370,.T.);
#3352 = FACE_BOUND('',#3353,.F.);
#3353 = EDGE_LOOP('',(#3354,#3355,#3363,#3369));
#3354 = ORIENTED_EDGE('',*,*,#3138,.T.);
#3355 = ORIENTED_EDGE('',*,*,#3356,.T.);
#3356 = EDGE_CURVE('',#3131,#3357,#3359,.T.);
#3357 = VERTEX_POINT('',#3358);
#3358 = CARTESIAN_POINT('',(-0.575,-5.525,-0.515));
#3359 = LINE('',#3360,#3361);
#3360 = CARTESIAN_POINT('',(-0.675,-5.525,-0.515));
#3361 = VECTOR('',#3362,1.);
#3362 = DIRECTION('',(1.,0.,0.));
#3363 = ORIENTED_EDGE('',*,*,#3364,.F.);
#3364 = EDGE_CURVE('',#3332,#3357,#3365,.T.);
#3365 = LINE('',#3366,#3367);
#3366 = CARTESIAN_POINT('',(-0.465,-4.925,-0.625));
#3367 = VECTOR('',#3368,1.);
#3368 = DIRECTION('',(-0.177465527736,-0.967993787651,0.177465527736));
#3369 = ORIENTED_EDGE('',*,*,#3331,.F.);
#3370 = PLANE('',#3371);
#3371 = AXIS2_PLACEMENT_3D('',#3372,#3373,#3374);
#3372 = CARTESIAN_POINT('',(-0.625,-5.225,-0.57));
#3373 = DIRECTION('',(0.,-0.180327868853,-0.983606557377));
#3374 = DIRECTION('',(0.,0.983606557377,-0.180327868853));
#3375 = ADVANCED_FACE('',(#3376),#3387,.F.);
#3376 = FACE_BOUND('',#3377,.F.);
#3377 = EDGE_LOOP('',(#3378,#3379,#3380,#3381));
#3378 = ORIENTED_EDGE('',*,*,#3356,.F.);
#3379 = ORIENTED_EDGE('',*,*,#3130,.F.);
#3380 = ORIENTED_EDGE('',*,*,#3170,.F.);
#3381 = ORIENTED_EDGE('',*,*,#3382,.F.);
#3382 = EDGE_CURVE('',#3357,#3163,#3383,.T.);
#3383 = LINE('',#3384,#3385);
#3384 = CARTESIAN_POINT('',(-0.575,-5.525,-0.515));
#3385 = VECTOR('',#3386,1.);
#3386 = DIRECTION('',(0.,0.,1.));
#3387 = PLANE('',#3388);
#3388 = AXIS2_PLACEMENT_3D('',#3389,#3390,#3391);
#3389 = CARTESIAN_POINT('',(-2.125,-5.525,-1.6));
#3390 = DIRECTION('',(0.,1.,0.));
#3391 = DIRECTION('',(1.,0.,0.));
#3392 = ADVANCED_FACE('',(#3393),#3404,.T.);
#3393 = FACE_BOUND('',#3394,.F.);
#3394 = EDGE_LOOP('',(#3395,#3396,#3402,#3403));
#3395 = ORIENTED_EDGE('',*,*,#3162,.F.);
#3396 = ORIENTED_EDGE('',*,*,#3397,.F.);
#3397 = EDGE_CURVE('',#3332,#3155,#3398,.T.);
#3398 = LINE('',#3399,#3400);
#3399 = CARTESIAN_POINT('',(-0.465,-4.925,-0.625));
#3400 = VECTOR('',#3401,1.);
#3401 = DIRECTION('',(0.,0.,1.));
#3402 = ORIENTED_EDGE('',*,*,#3364,.T.);
#3403 = ORIENTED_EDGE('',*,*,#3382,.T.);
#3404 = PLANE('',#3405);
#3405 = AXIS2_PLACEMENT_3D('',#3406,#3407,#3408);
#3406 = CARTESIAN_POINT('',(-0.52,-5.225,-0.45));
#3407 = DIRECTION('',(0.983606557377,-0.180327868853,0.));
#3408 = DIRECTION('',(0.180327868853,0.983606557377,0.));
#3409 = ADVANCED_FACE('',(#3410),#3416,.T.);
#3410 = FACE_BOUND('',#3411,.F.);
#3411 = EDGE_LOOP('',(#3412,#3413,#3414,#3415));
#3412 = ORIENTED_EDGE('',*,*,#3397,.T.);
#3413 = ORIENTED_EDGE('',*,*,#3194,.T.);
#3414 = ORIENTED_EDGE('',*,*,#3242,.T.);
#3415 = ORIENTED_EDGE('',*,*,#3339,.F.);
#3416 = PLANE('',#3417);
#3417 = AXIS2_PLACEMENT_3D('',#3418,#3419,#3420);
#3418 = CARTESIAN_POINT('',(-0.465,-4.3,-0.45));
#3419 = DIRECTION('',(1.,0.,0.));
#3420 = DIRECTION('',(0.,0.,-1.));
#3421 = ADVANCED_FACE('',(#3422),#3463,.T.);
#3422 = FACE_BOUND('',#3423,.F.);
#3423 = EDGE_LOOP('',(#3424,#3434,#3442,#3448,#3449,#3457));
#3424 = ORIENTED_EDGE('',*,*,#3425,.T.);
#3425 = EDGE_CURVE('',#3426,#3428,#3430,.T.);
#3426 = VERTEX_POINT('',#3427);
#3427 = CARTESIAN_POINT('',(-0.465,-0.125,-0.195));
#3428 = VERTEX_POINT('',#3429);
#3429 = CARTESIAN_POINT('',(-0.465,-0.125,-0.760714285714));
#3430 = LINE('',#3431,#3432);
#3431 = CARTESIAN_POINT('',(-0.465,-0.125,-0.195));
#3432 = VECTOR('',#3433,1.);
#3433 = DIRECTION('',(0.,0.,-1.));
#3434 = ORIENTED_EDGE('',*,*,#3435,.F.);
#3435 = EDGE_CURVE('',#3436,#3428,#3438,.T.);
#3436 = VERTEX_POINT('',#3437);
#3437 = CARTESIAN_POINT('',(-0.465,-0.425,-0.825));
#3438 = LINE('',#3439,#3440);
#3439 = CARTESIAN_POINT('',(-0.465,-0.425,-0.825));
#3440 = VECTOR('',#3441,1.);
#3441 = DIRECTION('',(0.,0.977802414077,0.209529088731));
#3442 = ORIENTED_EDGE('',*,*,#3443,.F.);
#3443 = EDGE_CURVE('',#1861,#3436,#3444,.T.);
#3444 = LINE('',#3445,#3446);
#3445 = CARTESIAN_POINT('',(-0.465,-1.975,-0.825));
#3446 = VECTOR('',#3447,1.);
#3447 = DIRECTION('',(0.,1.,0.));
#3448 = ORIENTED_EDGE('',*,*,#1860,.F.);
#3449 = ORIENTED_EDGE('',*,*,#3450,.T.);
#3450 = EDGE_CURVE('',#1853,#3451,#3453,.T.);
#3451 = VERTEX_POINT('',#3452);
#3452 = CARTESIAN_POINT('',(-0.465,-0.725,-7.5E-02));
#3453 = LINE('',#3454,#3455);
#3454 = CARTESIAN_POINT('',(-0.465,-1.975,-7.5E-02));
#3455 = VECTOR('',#3456,1.);
#3456 = DIRECTION('',(0.,1.,0.));
#3457 = ORIENTED_EDGE('',*,*,#3458,.F.);
#3458 = EDGE_CURVE('',#3426,#3451,#3459,.T.);
#3459 = LINE('',#3460,#3461);
#3460 = CARTESIAN_POINT('',(-0.465,-0.125,-0.195));
#3461 = VECTOR('',#3462,1.);
#3462 = DIRECTION('',(0.,-0.980580675691,0.196116135138));
#3463 = PLANE('',#3464);
#3464 = AXIS2_PLACEMENT_3D('',#3465,#3466,#3467);
#3465 = CARTESIAN_POINT('',(-0.465,-4.3,-0.45));
#3466 = DIRECTION('',(1.,0.,0.));
#3467 = DIRECTION('',(0.,0.,-1.));
#3468 = ADVANCED_FACE('',(#3469),#3494,.T.);
#3469 = FACE_BOUND('',#3470,.F.);
#3470 = EDGE_LOOP('',(#3471,#3479,#3487,#3493));
#3471 = ORIENTED_EDGE('',*,*,#3472,.T.);
#3472 = EDGE_CURVE('',#3426,#3473,#3475,.T.);
#3473 = VERTEX_POINT('',#3474);
#3474 = CARTESIAN_POINT('',(-0.575,0.275,-0.275));
#3475 = LINE('',#3476,#3477);
#3476 = CARTESIAN_POINT('',(-0.465,-0.125,-0.195));
#3477 = VECTOR('',#3478,1.);
#3478 = DIRECTION('',(-0.260359587582,0.946762136662,-0.189352427333));
#3479 = ORIENTED_EDGE('',*,*,#3480,.T.);
#3480 = EDGE_CURVE('',#3473,#3481,#3483,.T.);
#3481 = VERTEX_POINT('',#3482);
#3482 = CARTESIAN_POINT('',(-0.575,0.275,-0.675));
#3483 = LINE('',#3484,#3485);
#3484 = CARTESIAN_POINT('',(-0.575,0.275,-0.275));
#3485 = VECTOR('',#3486,1.);
#3486 = DIRECTION('',(0.,0.,-1.));
#3487 = ORIENTED_EDGE('',*,*,#3488,.F.);
#3488 = EDGE_CURVE('',#3428,#3481,#3489,.T.);
#3489 = LINE('',#3490,#3491);
#3490 = CARTESIAN_POINT('',(-0.465,-0.125,-0.760714285714));
#3491 = VECTOR('',#3492,1.);
#3492 = DIRECTION('',(-0.25967172212,0.944260807708,0.202341601652));
#3493 = ORIENTED_EDGE('',*,*,#3425,.F.);
#3494 = PLANE('',#3495);
#3495 = AXIS2_PLACEMENT_3D('',#3496,#3497,#3498);
#3496 = CARTESIAN_POINT('',(-0.52,7.5E-02,-0.45));
#3497 = DIRECTION('',(0.964205392804,0.265156483021,0.));
#3498 = DIRECTION('',(0.265156483021,-0.964205392804,0.));
#3499 = ADVANCED_FACE('',(#3500),#3525,.T.);
#3500 = FACE_BOUND('',#3501,.F.);
#3501 = EDGE_LOOP('',(#3502,#3510,#3516,#3517,#3518,#3524));
#3502 = ORIENTED_EDGE('',*,*,#3503,.T.);
#3503 = EDGE_CURVE('',#3086,#3504,#3506,.T.);
#3504 = VERTEX_POINT('',#3505);
#3505 = CARTESIAN_POINT('',(-0.675,0.275,-0.275));
#3506 = LINE('',#3507,#3508);
#3507 = CARTESIAN_POINT('',(-0.785,-0.125,-0.195));
#3508 = VECTOR('',#3509,1.);
#3509 = DIRECTION('',(0.260359587582,0.946762136662,-0.189352427333));
#3510 = ORIENTED_EDGE('',*,*,#3511,.T.);
#3511 = EDGE_CURVE('',#3504,#3473,#3512,.T.);
#3512 = LINE('',#3513,#3514);
#3513 = CARTESIAN_POINT('',(-0.675,0.275,-0.275));
#3514 = VECTOR('',#3515,1.);
#3515 = DIRECTION('',(1.,0.,0.));
#3516 = ORIENTED_EDGE('',*,*,#3472,.F.);
#3517 = ORIENTED_EDGE('',*,*,#3458,.T.);
#3518 = ORIENTED_EDGE('',*,*,#3519,.F.);
#3519 = EDGE_CURVE('',#3094,#3451,#3520,.T.);
#3520 = LINE('',#3521,#3522);
#3521 = CARTESIAN_POINT('',(-0.785,-0.725,-7.5E-02));
#3522 = VECTOR('',#3523,1.);
#3523 = DIRECTION('',(1.,0.,0.));
#3524 = ORIENTED_EDGE('',*,*,#3093,.T.);
#3525 = PLANE('',#3526);
#3526 = AXIS2_PLACEMENT_3D('',#3527,#3528,#3529);
#3527 = CARTESIAN_POINT('',(-0.625,-0.225,-0.175));
#3528 = DIRECTION('',(0.,0.196116135138,0.980580675691));
#3529 = DIRECTION('',(0.,-0.980580675691,0.196116135138));
#3530 = ADVANCED_FACE('',(#3531),#3549,.T.);
#3531 = FACE_BOUND('',#3532,.F.);
#3532 = EDGE_LOOP('',(#3533,#3534,#3535,#3543));
#3533 = ORIENTED_EDGE('',*,*,#3503,.F.);
#3534 = ORIENTED_EDGE('',*,*,#3085,.F.);
#3535 = ORIENTED_EDGE('',*,*,#3536,.T.);
#3536 = EDGE_CURVE('',#3076,#3537,#3539,.T.);
#3537 = VERTEX_POINT('',#3538);
#3538 = CARTESIAN_POINT('',(-0.675,0.275,-0.675));
#3539 = LINE('',#3540,#3541);
#3540 = CARTESIAN_POINT('',(-0.785,-0.125,-0.760714285714));
#3541 = VECTOR('',#3542,1.);
#3542 = DIRECTION('',(0.25967172212,0.944260807708,0.202341601652));
#3543 = ORIENTED_EDGE('',*,*,#3544,.T.);
#3544 = EDGE_CURVE('',#3537,#3504,#3545,.T.);
#3545 = LINE('',#3546,#3547);
#3546 = CARTESIAN_POINT('',(-0.675,0.275,-0.675));
#3547 = VECTOR('',#3548,1.);
#3548 = DIRECTION('',(0.,0.,1.));
#3549 = PLANE('',#3550);
#3550 = AXIS2_PLACEMENT_3D('',#3551,#3552,#3553);
#3551 = CARTESIAN_POINT('',(-0.73,7.5E-02,-0.45));
#3552 = DIRECTION('',(-0.964205392804,0.265156483021,0.));
#3553 = DIRECTION('',(-0.265156483021,-0.964205392804,0.));
#3554 = ADVANCED_FACE('',(#3555),#3573,.T.);
#3555 = FACE_BOUND('',#3556,.F.);
#3556 = EDGE_LOOP('',(#3557,#3558,#3559,#3565,#3566,#3567));
#3557 = ORIENTED_EDGE('',*,*,#3536,.F.);
#3558 = ORIENTED_EDGE('',*,*,#3075,.T.);
#3559 = ORIENTED_EDGE('',*,*,#3560,.F.);
#3560 = EDGE_CURVE('',#3436,#3078,#3561,.T.);
#3561 = LINE('',#3562,#3563);
#3562 = CARTESIAN_POINT('',(-0.465,-0.425,-0.825));
#3563 = VECTOR('',#3564,1.);
#3564 = DIRECTION('',(-1.,0.,0.));
#3565 = ORIENTED_EDGE('',*,*,#3435,.T.);
#3566 = ORIENTED_EDGE('',*,*,#3488,.T.);
#3567 = ORIENTED_EDGE('',*,*,#3568,.T.);
#3568 = EDGE_CURVE('',#3481,#3537,#3569,.T.);
#3569 = LINE('',#3570,#3571);
#3570 = CARTESIAN_POINT('',(-0.575,0.275,-0.675));
#3571 = VECTOR('',#3572,1.);
#3572 = DIRECTION('',(-1.,0.,0.));
#3573 = PLANE('',#3574);
#3574 = AXIS2_PLACEMENT_3D('',#3575,#3576,#3577);
#3575 = CARTESIAN_POINT('',(-0.625,-7.5E-02,-0.75));
#3576 = DIRECTION('',(0.,0.209529088731,-0.977802414077));
#3577 = DIRECTION('',(0.,-0.977802414077,-0.209529088731));
#3578 = ADVANCED_FACE('',(#3579),#3585,.T.);
#3579 = FACE_BOUND('',#3580,.F.);
#3580 = EDGE_LOOP('',(#3581,#3582,#3583,#3584));
#3581 = ORIENTED_EDGE('',*,*,#3560,.T.);
#3582 = ORIENTED_EDGE('',*,*,#3108,.F.);
#3583 = ORIENTED_EDGE('',*,*,#1868,.F.);
#3584 = ORIENTED_EDGE('',*,*,#3443,.T.);
#3585 = PLANE('',#3586);
#3586 = AXIS2_PLACEMENT_3D('',#3587,#3588,#3589);
#3587 = CARTESIAN_POINT('',(-0.625,-0.85,-0.825));
#3588 = DIRECTION('',(0.,0.,-1.));
#3589 = DIRECTION('',(-1.,0.,0.));
#3590 = ADVANCED_FACE('',(#3591),#3597,.T.);
#3591 = FACE_BOUND('',#3592,.F.);
#3592 = EDGE_LOOP('',(#3593,#3594,#3595,#3596));
#3593 = ORIENTED_EDGE('',*,*,#3480,.F.);
#3594 = ORIENTED_EDGE('',*,*,#3511,.F.);
#3595 = ORIENTED_EDGE('',*,*,#3544,.F.);
#3596 = ORIENTED_EDGE('',*,*,#3568,.F.);
#3597 = PLANE('',#3598);
#3598 = AXIS2_PLACEMENT_3D('',#3599,#3600,#3601);
#3599 = CARTESIAN_POINT('',(-2.125,0.275,-1.6));
#3600 = DIRECTION('',(0.,1.,0.));
#3601 = DIRECTION('',(1.,0.,0.));
#3602 = ADVANCED_FACE('',(#3603),#3609,.T.);
#3603 = FACE_BOUND('',#3604,.F.);
#3604 = EDGE_LOOP('',(#3605,#3606,#3607,#3608));
#3605 = ORIENTED_EDGE('',*,*,#3519,.T.);
#3606 = ORIENTED_EDGE('',*,*,#3450,.F.);
#3607 = ORIENTED_EDGE('',*,*,#1852,.F.);
#3608 = ORIENTED_EDGE('',*,*,#3101,.T.);
#3609 = PLANE('',#3610);
#3610 = AXIS2_PLACEMENT_3D('',#3611,#3612,#3613);
#3611 = CARTESIAN_POINT('',(-0.625,-0.85,-7.5E-02));
#3612 = DIRECTION('',(0.,0.,1.));
#3613 = DIRECTION('',(1.,0.,-0.));
#3614 = ADVANCED_FACE('',(#3615),#3626,.F.);
#3615 = FACE_BOUND('',#3616,.F.);
#3616 = EDGE_LOOP('',(#3617,#3618,#3619,#3625));
#3617 = ORIENTED_EDGE('',*,*,#561,.T.);
#3618 = ORIENTED_EDGE('',*,*,#639,.T.);
#3619 = ORIENTED_EDGE('',*,*,#3620,.F.);
#3620 = EDGE_CURVE('',#1116,#632,#3621,.T.);
#3621 = LINE('',#3622,#3623);
#3622 = CARTESIAN_POINT('',(-1.55,-2.625,-1.6));
#3623 = VECTOR('',#3624,1.);
#3624 = DIRECTION('',(0.,0.,1.));
#3625 = ORIENTED_EDGE('',*,*,#1115,.F.);
#3626 = PLANE('',#3627);
#3627 = AXIS2_PLACEMENT_3D('',#3628,#3629,#3630);
#3628 = CARTESIAN_POINT('',(-2.125,-2.625,-1.6));
#3629 = DIRECTION('',(0.,1.,0.));
#3630 = DIRECTION('',(1.,0.,0.));
#3631 = ADVANCED_FACE('',(#3632),#3638,.F.);
#3632 = FACE_BOUND('',#3633,.F.);
#3633 = EDGE_LOOP('',(#3634,#3635,#3636,#3637));
#3634 = ORIENTED_EDGE('',*,*,#799,.F.);
#3635 = ORIENTED_EDGE('',*,*,#1123,.T.);
#3636 = ORIENTED_EDGE('',*,*,#3620,.T.);
#3637 = ORIENTED_EDGE('',*,*,#631,.T.);
#3638 = PLANE('',#3639);
#3639 = AXIS2_PLACEMENT_3D('',#3640,#3641,#3642);
#3640 = CARTESIAN_POINT('',(-1.55,-2.625,-1.6));
#3641 = DIRECTION('',(1.,0.,0.));
#3642 = DIRECTION('',(0.,-1.,0.));
#3643 = ( GEOMETRIC_REPRESENTATION_CONTEXT(3) 
GLOBAL_UNCERTAINTY_ASSIGNED_CONTEXT((#3647)) 
GLOBAL_UNIT_ASSIGNED_CONTEXT((#3644,#3645,#3646)) REPRESENTATION_CONTEXT
('Context #1','3D Context with UNIT and UNCERTAINTY') );
#3644 = ( LENGTH_UNIT() NAMED_UNIT(*) SI_UNIT(.MILLI.,.METRE.) );
#3645 = ( NAMED_UNIT(*) PLANE_ANGLE_UNIT() SI_UNIT($,.RADIAN.) );
#3646 = ( NAMED_UNIT(*) SI_UNIT($,.STERADIAN.) SOLID_ANGLE_UNIT() );
#3647 = UNCERTAINTY_MEASURE_WITH_UNIT(LENGTH_MEASURE(2.E-06),#3644,
  'distance_accuracy_value','confusion accuracy');
#3648 = CONTEXT_DEPENDENT_SHAPE_REPRESENTATION(#3649,#3651);
#3649 = ( REPRESENTATION_RELATIONSHIP('','',#544,#517) 
REPRESENTATION_RELATIONSHIP_WITH_TRANSFORMATION(#3650) 
SHAPE_REPRESENTATION_RELATIONSHIP() );
#3650 = ITEM_DEFINED_TRANSFORMATION('','',#11,#518);
#3651 = PRODUCT_DEFINITION_SHAPE('Placement','Placement of an item',
  #3652);
#3652 = NEXT_ASSEMBLY_USAGE_OCCURRENCE('5','=>[0:1:1:2]','',#512,#539,$
  );
#3653 = PRODUCT_RELATED_PRODUCT_CATEGORY('part',$,(#541));
#3654 = SHAPE_DEFINITION_REPRESENTATION(#3655,#3661);
#3655 = PRODUCT_DEFINITION_SHAPE('','',#3656);
#3656 = PRODUCT_DEFINITION('design','',#3657,#3660);
#3657 = PRODUCT_DEFINITION_FORMATION('','',#3658);
#3658 = PRODUCT('COMPOUND','COMPOUND','',(#3659));
#3659 = PRODUCT_CONTEXT('',#2,'mechanical');
#3660 = PRODUCT_DEFINITION_CONTEXT('part definition',#2,'design');
#3661 = SHAPE_REPRESENTATION('',(#11,#3662,#3679),#3696);
#3662 = GEOMETRIC_CURVE_SET('',(#3663,#3671));
#3663 = TRIMMED_CURVE('',#3664,(#3669,PARAMETER_VALUE(0.)),(#3670,
    PARAMETER_VALUE(3.141592653589)),.T.,.PARAMETER.);
#3664 = CIRCLE('',#3665,0.25);
#3665 = AXIS2_PLACEMENT_3D('',#3666,#3667,#3668);
#3666 = CARTESIAN_POINT('',(0.625,-3.225,-0.45));
#3667 = DIRECTION('',(0.,-1.,0.));
#3668 = DIRECTION('',(-1.,0.,0.));
#3669 = CARTESIAN_POINT('',(0.375,-3.225,-0.45));
#3670 = CARTESIAN_POINT('',(0.875,-3.225,-0.45));
#3671 = TRIMMED_CURVE('',#3672,(#3677,PARAMETER_VALUE(0.)),(#3678,
    PARAMETER_VALUE(3.141592653589)),.T.,.PARAMETER.);
#3672 = CIRCLE('',#3673,0.25);
#3673 = AXIS2_PLACEMENT_3D('',#3674,#3675,#3676);
#3674 = CARTESIAN_POINT('',(0.625,-3.225,-0.45));
#3675 = DIRECTION('',(0.,-1.,0.));
#3676 = DIRECTION('',(1.,0.,0.));
#3677 = CARTESIAN_POINT('',(0.875,-3.225,-0.45));
#3678 = CARTESIAN_POINT('',(0.375,-3.225,-0.45));
#3679 = GEOMETRIC_CURVE_SET('',(#3680,#3688));
#3680 = TRIMMED_CURVE('',#3681,(#3686,PARAMETER_VALUE(0.)),(#3687,
    PARAMETER_VALUE(3.141592653589)),.T.,.PARAMETER.);
#3681 = CIRCLE('',#3682,0.25);
#3682 = AXIS2_PLACEMENT_3D('',#3683,#3684,#3685);
#3683 = CARTESIAN_POINT('',(-0.625,-3.225,-0.45));
#3684 = DIRECTION('',(0.,-1.,0.));
#3685 = DIRECTION('',(-1.,0.,0.));
#3686 = CARTESIAN_POINT('',(-0.875,-3.225,-0.45));
#3687 = CARTESIAN_POINT('',(-0.375,-3.225,-0.45));
#3688 = TRIMMED_CURVE('',#3689,(#3694,PARAMETER_VALUE(0.)),(#3695,
    PARAMETER_VALUE(3.141592653589)),.T.,.PARAMETER.);
#3689 = CIRCLE('',#3690,0.25);
#3690 = AXIS2_PLACEMENT_3D('',#3691,#3692,#3693);
#3691 = CARTESIAN_POINT('',(-0.625,-3.225,-0.45));
#3692 = DIRECTION('',(0.,-1.,0.));
#3693 = DIRECTION('',(1.,0.,0.));
#3694 = CARTESIAN_POINT('',(-0.375,-3.225,-0.45));
#3695 = CARTESIAN_POINT('',(-0.875,-3.225,-0.45));
#3696 = ( GEOMETRIC_REPRESENTATION_CONTEXT(3) 
GLOBAL_UNCERTAINTY_ASSIGNED_CONTEXT((#3700)) 
GLOBAL_UNIT_ASSIGNED_CONTEXT((#3697,#3698,#3699)) REPRESENTATION_CONTEXT
('Context #1','3D Context with UNIT and UNCERTAINTY') );
#3697 = ( LENGTH_UNIT() NAMED_UNIT(*) SI_UNIT(.MILLI.,.METRE.) );
#3698 = ( NAMED_UNIT(*) PLANE_ANGLE_UNIT() SI_UNIT($,.RADIAN.) );
#3699 = ( NAMED_UNIT(*) SI_UNIT($,.STERADIAN.) SOLID_ANGLE_UNIT() );
#3700 = UNCERTAINTY_MEASURE_WITH_UNIT(LENGTH_MEASURE(1.E-07),#3697,
  'distance_accuracy_value','confusion accuracy');
#3701 = CONTEXT_DEPENDENT_SHAPE_REPRESENTATION(#3702,#3704);
#3702 = ( REPRESENTATION_RELATIONSHIP('','',#3661,#517) 
REPRESENTATION_RELATIONSHIP_WITH_TRANSFORMATION(#3703) 
SHAPE_REPRESENTATION_RELATIONSHIP() );
#3703 = ITEM_DEFINED_TRANSFORMATION('','',#11,#522);
#3704 = PRODUCT_DEFINITION_SHAPE('Placement','Placement of an item',
  #3705);
#3705 = NEXT_ASSEMBLY_USAGE_OCCURRENCE('6','=>[0:1:1:3]','',#512,#3656,$
  );
#3706 = PRODUCT_RELATED_PRODUCT_CATEGORY('part',$,(#3658));
#3707 = CONTEXT_DEPENDENT_SHAPE_REPRESENTATION(#3708,#3710);
#3708 = ( REPRESENTATION_RELATIONSHIP('','',#517,#10) 
REPRESENTATION_RELATIONSHIP_WITH_TRANSFORMATION(#3709) 
SHAPE_REPRESENTATION_RELATIONSHIP() );
#3709 = ITEM_DEFINED_TRANSFORMATION('','',#11,#35);
#3710 = PRODUCT_DEFINITION_SHAPE('Placement','Placement of an item',
  #3711);
#3711 = NEXT_ASSEMBLY_USAGE_OCCURRENCE('8','J8','',#5,#512,$);
#3712 = CONTEXT_DEPENDENT_SHAPE_REPRESENTATION(#3713,#3715);
#3713 = ( REPRESENTATION_RELATIONSHIP('','',#517,#10) 
REPRESENTATION_RELATIONSHIP_WITH_TRANSFORMATION(#3714) 
SHAPE_REPRESENTATION_RELATIONSHIP() );
#3714 = ITEM_DEFINED_TRANSFORMATION('','',#11,#39);
#3715 = PRODUCT_DEFINITION_SHAPE('Placement','Placement of an item',
  #3716);
#3716 = NEXT_ASSEMBLY_USAGE_OCCURRENCE('9','J1','',#5,#512,$);
#3717 = CONTEXT_DEPENDENT_SHAPE_REPRESENTATION(#3718,#3720);
#3718 = ( REPRESENTATION_RELATIONSHIP('','',#517,#10) 
REPRESENTATION_RELATIONSHIP_WITH_TRANSFORMATION(#3719) 
SHAPE_REPRESENTATION_RELATIONSHIP() );
#3719 = ITEM_DEFINED_TRANSFORMATION('','',#11,#43);
#3720 = PRODUCT_DEFINITION_SHAPE('Placement','Placement of an item',
  #3721);
#3721 = NEXT_ASSEMBLY_USAGE_OCCURRENCE('10','J6','',#5,#512,$);
#3722 = CONTEXT_DEPENDENT_SHAPE_REPRESENTATION(#3723,#3725);
#3723 = ( REPRESENTATION_RELATIONSHIP('','',#517,#10) 
REPRESENTATION_RELATIONSHIP_WITH_TRANSFORMATION(#3724) 
SHAPE_REPRESENTATION_RELATIONSHIP() );
#3724 = ITEM_DEFINED_TRANSFORMATION('','',#11,#47);
#3725 = PRODUCT_DEFINITION_SHAPE('Placement','Placement of an item',
  #3726);
#3726 = NEXT_ASSEMBLY_USAGE_OCCURRENCE('11','J7','',#5,#512,$);
#3727 = CONTEXT_DEPENDENT_SHAPE_REPRESENTATION(#3728,#3730);
#3728 = ( REPRESENTATION_RELATIONSHIP('','',#96,#10) 
REPRESENTATION_RELATIONSHIP_WITH_TRANSFORMATION(#3729) 
SHAPE_REPRESENTATION_RELATIONSHIP() );
#3729 = ITEM_DEFINED_TRANSFORMATION('','',#11,#51);
#3730 = PRODUCT_DEFINITION_SHAPE('Placement','Placement of an item',
  #3731);
#3731 = NEXT_ASSEMBLY_USAGE_OCCURRENCE('12','F3','',#5,#91,$);
#3732 = CONTEXT_DEPENDENT_SHAPE_REPRESENTATION(#3733,#3735);
#3733 = ( REPRESENTATION_RELATIONSHIP('','',#96,#10) 
REPRESENTATION_RELATIONSHIP_WITH_TRANSFORMATION(#3734) 
SHAPE_REPRESENTATION_RELATIONSHIP() );
#3734 = ITEM_DEFINED_TRANSFORMATION('','',#11,#55);
#3735 = PRODUCT_DEFINITION_SHAPE('Placement','Placement of an item',
  #3736);
#3736 = NEXT_ASSEMBLY_USAGE_OCCURRENCE('13','F4','',#5,#91,$);
#3737 = CONTEXT_DEPENDENT_SHAPE_REPRESENTATION(#3738,#3740);
#3738 = ( REPRESENTATION_RELATIONSHIP('','',#517,#10) 
REPRESENTATION_RELATIONSHIP_WITH_TRANSFORMATION(#3739) 
SHAPE_REPRESENTATION_RELATIONSHIP() );
#3739 = ITEM_DEFINED_TRANSFORMATION('','',#11,#59);
#3740 = PRODUCT_DEFINITION_SHAPE('Placement','Placement of an item',
  #3741);
#3741 = NEXT_ASSEMBLY_USAGE_OCCURRENCE('14','J5','',#5,#512,$);
#3742 = CONTEXT_DEPENDENT_SHAPE_REPRESENTATION(#3743,#3745);
#3743 = ( REPRESENTATION_RELATIONSHIP('','',#517,#10) 
REPRESENTATION_RELATIONSHIP_WITH_TRANSFORMATION(#3744) 
SHAPE_REPRESENTATION_RELATIONSHIP() );
#3744 = ITEM_DEFINED_TRANSFORMATION('','',#11,#63);
#3745 = PRODUCT_DEFINITION_SHAPE('Placement','Placement of an item',
  #3746);
#3746 = NEXT_ASSEMBLY_USAGE_OCCURRENCE('15','J3','',#5,#512,$);
#3747 = CONTEXT_DEPENDENT_SHAPE_REPRESENTATION(#3748,#3750);
#3748 = ( REPRESENTATION_RELATIONSHIP('','',#96,#10) 
REPRESENTATION_RELATIONSHIP_WITH_TRANSFORMATION(#3749) 
SHAPE_REPRESENTATION_RELATIONSHIP() );
#3749 = ITEM_DEFINED_TRANSFORMATION('','',#11,#67);
#3750 = PRODUCT_DEFINITION_SHAPE('Placement','Placement of an item',
  #3751);
#3751 = NEXT_ASSEMBLY_USAGE_OCCURRENCE('16','F2','',#5,#91,$);
#3752 = CONTEXT_DEPENDENT_SHAPE_REPRESENTATION(#3753,#3755);
#3753 = ( REPRESENTATION_RELATIONSHIP('','',#517,#10) 
REPRESENTATION_RELATIONSHIP_WITH_TRANSFORMATION(#3754) 
SHAPE_REPRESENTATION_RELATIONSHIP() );
#3754 = ITEM_DEFINED_TRANSFORMATION('','',#11,#71);
#3755 = PRODUCT_DEFINITION_SHAPE('Placement','Placement of an item',
  #3756);
#3756 = NEXT_ASSEMBLY_USAGE_OCCURRENCE('17','J2','',#5,#512,$);
#3757 = CONTEXT_DEPENDENT_SHAPE_REPRESENTATION(#3758,#3760);
#3758 = ( REPRESENTATION_RELATIONSHIP('','',#96,#10) 
REPRESENTATION_RELATIONSHIP_WITH_TRANSFORMATION(#3759) 
SHAPE_REPRESENTATION_RELATIONSHIP() );
#3759 = ITEM_DEFINED_TRANSFORMATION('','',#11,#75);
#3760 = PRODUCT_DEFINITION_SHAPE('Placement','Placement of an item',
  #3761);
#3761 = NEXT_ASSEMBLY_USAGE_OCCURRENCE('18','F1','',#5,#91,$);
#3762 = SHAPE_DEFINITION_REPRESENTATION(#3763,#3769);
#3763 = PRODUCT_DEFINITION_SHAPE('','',#3764);
#3764 = PRODUCT_DEFINITION('design','',#3765,#3768);
#3765 = PRODUCT_DEFINITION_FORMATION('','',#3766);
#3766 = PRODUCT('Cell Tap Fuse Board_PCB','Cell Tap Fuse Board_PCB','',(
    #3767));
#3767 = PRODUCT_CONTEXT('',#2,'mechanical');
#3768 = PRODUCT_DEFINITION_CONTEXT('part definition',#2,'design');
#3769 = ADVANCED_BREP_SHAPE_REPRESENTATION('',(#11,#3770),#5893);
#3770 = MANIFOLD_SOLID_BREP('',#3771);
#3771 = CLOSED_SHELL('',(#3772,#3814,#3845,#3876,#4445,#5014,#5031,#5048
    ,#5065,#5082,#5094,#5111,#5128,#5145,#5162,#5179,#5196,#5213,#5230,
    #5247,#5264,#5281,#5298,#5315,#5332,#5349,#5366,#5383,#5400,#5417,
    #5434,#5451,#5468,#5485,#5502,#5519,#5536,#5553,#5570,#5587,#5604,
    #5621,#5638,#5655,#5672,#5689,#5706,#5723,#5740,#5757,#5774,#5791,
    #5808,#5825,#5842,#5859,#5876));
#3772 = ADVANCED_FACE('',(#3773),#3809,.T.);
#3773 = FACE_BOUND('',#3774,.T.);
#3774 = EDGE_LOOP('',(#3775,#3785,#3794,#3802));
#3775 = ORIENTED_EDGE('',*,*,#3776,.T.);
#3776 = EDGE_CURVE('',#3777,#3779,#3781,.T.);
#3777 = VERTEX_POINT('',#3778);
#3778 = CARTESIAN_POINT('',(88.99,-42.482,0.));
#3779 = VERTEX_POINT('',#3780);
#3780 = CARTESIAN_POINT('',(88.99,-42.482,1.51));
#3781 = LINE('',#3782,#3783);
#3782 = CARTESIAN_POINT('',(88.99,-42.482,0.));
#3783 = VECTOR('',#3784,1.);
#3784 = DIRECTION('',(0.,0.,1.));
#3785 = ORIENTED_EDGE('',*,*,#3786,.T.);
#3786 = EDGE_CURVE('',#3779,#3787,#3789,.T.);
#3787 = VERTEX_POINT('',#3788);
#3788 = CARTESIAN_POINT('',(93.99,-47.482,1.51));
#3789 = CIRCLE('',#3790,4.999999678834);
#3790 = AXIS2_PLACEMENT_3D('',#3791,#3792,#3793);
#3791 = CARTESIAN_POINT('',(88.990000321166,-47.48199967883,1.51));
#3792 = DIRECTION('',(0.,0.,-1.));
#3793 = DIRECTION('',(-6.423314417722E-08,1.,0.));
#3794 = ORIENTED_EDGE('',*,*,#3795,.F.);
#3795 = EDGE_CURVE('',#3796,#3787,#3798,.T.);
#3796 = VERTEX_POINT('',#3797);
#3797 = CARTESIAN_POINT('',(93.99,-47.482,0.));
#3798 = LINE('',#3799,#3800);
#3799 = CARTESIAN_POINT('',(93.99,-47.482,0.));
#3800 = VECTOR('',#3801,1.);
#3801 = DIRECTION('',(0.,0.,1.));
#3802 = ORIENTED_EDGE('',*,*,#3803,.F.);
#3803 = EDGE_CURVE('',#3777,#3796,#3804,.T.);
#3804 = CIRCLE('',#3805,4.999999678834);
#3805 = AXIS2_PLACEMENT_3D('',#3806,#3807,#3808);
#3806 = CARTESIAN_POINT('',(88.990000321166,-47.48199967883,0.));
#3807 = DIRECTION('',(0.,0.,-1.));
#3808 = DIRECTION('',(-6.423314417722E-08,1.,0.));
#3809 = CYLINDRICAL_SURFACE('',#3810,4.999999678834);
#3810 = AXIS2_PLACEMENT_3D('',#3811,#3812,#3813);
#3811 = CARTESIAN_POINT('',(88.990000321166,-47.48199967883,0.));
#3812 = DIRECTION('',(0.,0.,-1.));
#3813 = DIRECTION('',(-6.423314417722E-08,1.,0.));
#3814 = ADVANCED_FACE('',(#3815),#3840,.T.);
#3815 = FACE_BOUND('',#3816,.T.);
#3816 = EDGE_LOOP('',(#3817,#3827,#3833,#3834));
#3817 = ORIENTED_EDGE('',*,*,#3818,.T.);
#3818 = EDGE_CURVE('',#3819,#3821,#3823,.T.);
#3819 = VERTEX_POINT('',#3820);
#3820 = CARTESIAN_POINT('',(68.990006,-42.482,0.));
#3821 = VERTEX_POINT('',#3822);
#3822 = CARTESIAN_POINT('',(68.990006,-42.482,1.51));
#3823 = LINE('',#3824,#3825);
#3824 = CARTESIAN_POINT('',(68.990006,-42.482,0.));
#3825 = VECTOR('',#3826,1.);
#3826 = DIRECTION('',(0.,0.,1.));
#3827 = ORIENTED_EDGE('',*,*,#3828,.T.);
#3828 = EDGE_CURVE('',#3821,#3779,#3829,.T.);
#3829 = LINE('',#3830,#3831);
#3830 = CARTESIAN_POINT('',(68.990006,-42.482,1.51));
#3831 = VECTOR('',#3832,1.);
#3832 = DIRECTION('',(1.,0.,0.));
#3833 = ORIENTED_EDGE('',*,*,#3776,.F.);
#3834 = ORIENTED_EDGE('',*,*,#3835,.F.);
#3835 = EDGE_CURVE('',#3819,#3777,#3836,.T.);
#3836 = LINE('',#3837,#3838);
#3837 = CARTESIAN_POINT('',(68.990006,-42.482,0.));
#3838 = VECTOR('',#3839,1.);
#3839 = DIRECTION('',(1.,0.,0.));
#3840 = PLANE('',#3841);
#3841 = AXIS2_PLACEMENT_3D('',#3842,#3843,#3844);
#3842 = CARTESIAN_POINT('',(68.990006,-42.482,0.));
#3843 = DIRECTION('',(0.,1.,0.));
#3844 = DIRECTION('',(1.,0.,0.));
#3845 = ADVANCED_FACE('',(#3846),#3871,.T.);
#3846 = FACE_BOUND('',#3847,.T.);
#3847 = EDGE_LOOP('',(#3848,#3849,#3857,#3865));
#3848 = ORIENTED_EDGE('',*,*,#3795,.T.);
#3849 = ORIENTED_EDGE('',*,*,#3850,.T.);
#3850 = EDGE_CURVE('',#3787,#3851,#3853,.T.);
#3851 = VERTEX_POINT('',#3852);
#3852 = CARTESIAN_POINT('',(93.99,-342.401,1.51));
#3853 = LINE('',#3854,#3855);
#3854 = CARTESIAN_POINT('',(93.99,-47.482,1.51));
#3855 = VECTOR('',#3856,1.);
#3856 = DIRECTION('',(0.,-1.,0.));
#3857 = ORIENTED_EDGE('',*,*,#3858,.F.);
#3858 = EDGE_CURVE('',#3859,#3851,#3861,.T.);
#3859 = VERTEX_POINT('',#3860);
#3860 = CARTESIAN_POINT('',(93.99,-342.401,0.));
#3861 = LINE('',#3862,#3863);
#3862 = CARTESIAN_POINT('',(93.99,-342.401,0.));
#3863 = VECTOR('',#3864,1.);
#3864 = DIRECTION('',(0.,0.,1.));
#3865 = ORIENTED_EDGE('',*,*,#3866,.F.);
#3866 = EDGE_CURVE('',#3796,#3859,#3867,.T.);
#3867 = LINE('',#3868,#3869);
#3868 = CARTESIAN_POINT('',(93.99,-47.482,0.));
#3869 = VECTOR('',#3870,1.);
#3870 = DIRECTION('',(0.,-1.,0.));
#3871 = PLANE('',#3872);
#3872 = AXIS2_PLACEMENT_3D('',#3873,#3874,#3875);
#3873 = CARTESIAN_POINT('',(93.99,-47.482,0.));
#3874 = DIRECTION('',(1.,0.,-0.));
#3875 = DIRECTION('',(0.,-1.,0.));
#3876 = ADVANCED_FACE('',(#3877,#3923,#3934,#3945,#3956,#3967,#3978,
    #3989,#4000,#4011,#4022,#4033,#4044,#4055,#4066,#4077,#4088,#4099,
    #4110,#4121,#4132,#4143,#4154,#4165,#4176,#4187,#4198,#4209,#4220,
    #4231,#4242,#4253,#4264,#4275,#4286,#4297,#4308,#4319,#4330,#4341,
    #4352,#4363,#4374,#4385,#4396,#4407,#4418,#4429),#4440,.F.);
#3877 = FACE_BOUND('',#3878,.F.);
#3878 = EDGE_LOOP('',(#3879,#3880,#3881,#3890,#3898,#3907,#3915,#3922));
#3879 = ORIENTED_EDGE('',*,*,#3803,.F.);
#3880 = ORIENTED_EDGE('',*,*,#3835,.F.);
#3881 = ORIENTED_EDGE('',*,*,#3882,.F.);
#3882 = EDGE_CURVE('',#3883,#3819,#3885,.T.);
#3883 = VERTEX_POINT('',#3884);
#3884 = CARTESIAN_POINT('',(63.990006,-47.482,0.));
#3885 = CIRCLE('',#3886,4.999999678834);
#3886 = AXIS2_PLACEMENT_3D('',#3887,#3888,#3889);
#3887 = CARTESIAN_POINT('',(68.990005678834,-47.48199967883,0.));
#3888 = DIRECTION('',(0.,0.,-1.));
#3889 = DIRECTION('',(-1.,-6.423314417722E-08,-0.));
#3890 = ORIENTED_EDGE('',*,*,#3891,.F.);
#3891 = EDGE_CURVE('',#3892,#3883,#3894,.T.);
#3892 = VERTEX_POINT('',#3893);
#3893 = CARTESIAN_POINT('',(63.990006,-342.401,0.));
#3894 = LINE('',#3895,#3896);
#3895 = CARTESIAN_POINT('',(63.990006,-342.401,0.));
#3896 = VECTOR('',#3897,1.);
#3897 = DIRECTION('',(0.,1.,0.));
#3898 = ORIENTED_EDGE('',*,*,#3899,.F.);
#3899 = EDGE_CURVE('',#3900,#3892,#3902,.T.);
#3900 = VERTEX_POINT('',#3901);
#3901 = CARTESIAN_POINT('',(68.990006,-347.401,0.));
#3902 = CIRCLE('',#3903,4.999999678834);
#3903 = AXIS2_PLACEMENT_3D('',#3904,#3905,#3906);
#3904 = CARTESIAN_POINT('',(68.990005678834,-342.4010003211,0.));
#3905 = DIRECTION('',(0.,0.,-1.));
#3906 = DIRECTION('',(6.423313565071E-08,-1.,0.));
#3907 = ORIENTED_EDGE('',*,*,#3908,.F.);
#3908 = EDGE_CURVE('',#3909,#3900,#3911,.T.);
#3909 = VERTEX_POINT('',#3910);
#3910 = CARTESIAN_POINT('',(88.99,-347.401,0.));
#3911 = LINE('',#3912,#3913);
#3912 = CARTESIAN_POINT('',(88.99,-347.401,0.));
#3913 = VECTOR('',#3914,1.);
#3914 = DIRECTION('',(-1.,0.,0.));
#3915 = ORIENTED_EDGE('',*,*,#3916,.F.);
#3916 = EDGE_CURVE('',#3859,#3909,#3917,.T.);
#3917 = CIRCLE('',#3918,4.999999678834);
#3918 = AXIS2_PLACEMENT_3D('',#3919,#3920,#3921);
#3919 = CARTESIAN_POINT('',(88.990000321166,-342.4010003211,0.));
#3920 = DIRECTION('',(0.,0.,-1.));
#3921 = DIRECTION('',(1.,6.423313565071E-08,0.));
#3922 = ORIENTED_EDGE('',*,*,#3866,.F.);
#3923 = FACE_BOUND('',#3924,.F.);
#3924 = EDGE_LOOP('',(#3925));
#3925 = ORIENTED_EDGE('',*,*,#3926,.T.);
#3926 = EDGE_CURVE('',#3927,#3927,#3929,.T.);
#3927 = VERTEX_POINT('',#3928);
#3928 = CARTESIAN_POINT('',(75.99,-340.,0.));
#3929 = CIRCLE('',#3930,2.75);
#3930 = AXIS2_PLACEMENT_3D('',#3931,#3932,#3933);
#3931 = CARTESIAN_POINT('',(75.99,-337.25,0.));
#3932 = DIRECTION('',(-0.,0.,-1.));
#3933 = DIRECTION('',(-0.,-1.,0.));
#3934 = FACE_BOUND('',#3935,.F.);
#3935 = EDGE_LOOP('',(#3936));
#3936 = ORIENTED_EDGE('',*,*,#3937,.T.);
#3937 = EDGE_CURVE('',#3938,#3938,#3940,.T.);
#3938 = VERTEX_POINT('',#3939);
#3939 = CARTESIAN_POINT('',(75.99,-319.67,0.));
#3940 = CIRCLE('',#3941,2.75);
#3941 = AXIS2_PLACEMENT_3D('',#3942,#3943,#3944);
#3942 = CARTESIAN_POINT('',(75.99,-316.92,0.));
#3943 = DIRECTION('',(-0.,0.,-1.));
#3944 = DIRECTION('',(-0.,-1.,0.));
#3945 = FACE_BOUND('',#3946,.F.);
#3946 = EDGE_LOOP('',(#3947));
#3947 = ORIENTED_EDGE('',*,*,#3948,.T.);
#3948 = EDGE_CURVE('',#3949,#3949,#3951,.T.);
#3949 = VERTEX_POINT('',#3950);
#3950 = CARTESIAN_POINT('',(75.99,-299.34,0.));
#3951 = CIRCLE('',#3952,2.75);
#3952 = AXIS2_PLACEMENT_3D('',#3953,#3954,#3955);
#3953 = CARTESIAN_POINT('',(75.99,-296.59,0.));
#3954 = DIRECTION('',(-0.,0.,-1.));
#3955 = DIRECTION('',(-0.,-1.,0.));
#3956 = FACE_BOUND('',#3957,.F.);
#3957 = EDGE_LOOP('',(#3958));
#3958 = ORIENTED_EDGE('',*,*,#3959,.T.);
#3959 = EDGE_CURVE('',#3960,#3960,#3962,.T.);
#3960 = VERTEX_POINT('',#3961);
#3961 = CARTESIAN_POINT('',(75.99,-279.01,0.));
#3962 = CIRCLE('',#3963,2.75);
#3963 = AXIS2_PLACEMENT_3D('',#3964,#3965,#3966);
#3964 = CARTESIAN_POINT('',(75.99,-276.26,0.));
#3965 = DIRECTION('',(-0.,0.,-1.));
#3966 = DIRECTION('',(-0.,-1.,0.));
#3967 = FACE_BOUND('',#3968,.F.);
#3968 = EDGE_LOOP('',(#3969));
#3969 = ORIENTED_EDGE('',*,*,#3970,.T.);
#3970 = EDGE_CURVE('',#3971,#3971,#3973,.T.);
#3971 = VERTEX_POINT('',#3972);
#3972 = CARTESIAN_POINT('',(76.27,-258.68,0.));
#3973 = CIRCLE('',#3974,2.75);
#3974 = AXIS2_PLACEMENT_3D('',#3975,#3976,#3977);
#3975 = CARTESIAN_POINT('',(76.27,-255.93,0.));
#3976 = DIRECTION('',(-0.,0.,-1.));
#3977 = DIRECTION('',(-0.,-1.,0.));
#3978 = FACE_BOUND('',#3979,.F.);
#3979 = EDGE_LOOP('',(#3980));
#3980 = ORIENTED_EDGE('',*,*,#3981,.T.);
#3981 = EDGE_CURVE('',#3982,#3982,#3984,.T.);
#3982 = VERTEX_POINT('',#3983);
#3983 = CARTESIAN_POINT('',(75.99,-238.35,0.));
#3984 = CIRCLE('',#3985,2.75);
#3985 = AXIS2_PLACEMENT_3D('',#3986,#3987,#3988);
#3986 = CARTESIAN_POINT('',(75.99,-235.6,0.));
#3987 = DIRECTION('',(-0.,0.,-1.));
#3988 = DIRECTION('',(-0.,-1.,0.));
#3989 = FACE_BOUND('',#3990,.F.);
#3990 = EDGE_LOOP('',(#3991));
#3991 = ORIENTED_EDGE('',*,*,#3992,.T.);
#3992 = EDGE_CURVE('',#3993,#3993,#3995,.T.);
#3993 = VERTEX_POINT('',#3994);
#3994 = CARTESIAN_POINT('',(76.27,-218.02,0.));
#3995 = CIRCLE('',#3996,2.75);
#3996 = AXIS2_PLACEMENT_3D('',#3997,#3998,#3999);
#3997 = CARTESIAN_POINT('',(76.27,-215.27,0.));
#3998 = DIRECTION('',(-0.,0.,-1.));
#3999 = DIRECTION('',(-0.,-1.,0.));
#4000 = FACE_BOUND('',#4001,.F.);
#4001 = EDGE_LOOP('',(#4002));
#4002 = ORIENTED_EDGE('',*,*,#4003,.T.);
#4003 = EDGE_CURVE('',#4004,#4004,#4006,.T.);
#4004 = VERTEX_POINT('',#4005);
#4005 = CARTESIAN_POINT('',(75.99,-197.69,0.));
#4006 = CIRCLE('',#4007,2.75);
#4007 = AXIS2_PLACEMENT_3D('',#4008,#4009,#4010);
#4008 = CARTESIAN_POINT('',(75.99,-194.94,0.));
#4009 = DIRECTION('',(-0.,0.,-1.));
#4010 = DIRECTION('',(-0.,-1.,0.));
#4011 = FACE_BOUND('',#4012,.F.);
#4012 = EDGE_LOOP('',(#4013));
#4013 = ORIENTED_EDGE('',*,*,#4014,.T.);
#4014 = EDGE_CURVE('',#4015,#4015,#4017,.T.);
#4015 = VERTEX_POINT('',#4016);
#4016 = CARTESIAN_POINT('',(84.320006,-306.491,0.));
#4017 = CIRCLE('',#4018,0.25);
#4018 = AXIS2_PLACEMENT_3D('',#4019,#4020,#4021);
#4019 = CARTESIAN_POINT('',(84.320006,-306.241,0.));
#4020 = DIRECTION('',(-0.,0.,-1.));
#4021 = DIRECTION('',(-0.,-1.,0.));
#4022 = FACE_BOUND('',#4023,.F.);
#4023 = EDGE_LOOP('',(#4024));
#4024 = ORIENTED_EDGE('',*,*,#4025,.T.);
#4025 = EDGE_CURVE('',#4026,#4026,#4028,.T.);
#4026 = VERTEX_POINT('',#4027);
#4027 = CARTESIAN_POINT('',(85.570006,-306.491,0.));
#4028 = CIRCLE('',#4029,0.25);
#4029 = AXIS2_PLACEMENT_3D('',#4030,#4031,#4032);
#4030 = CARTESIAN_POINT('',(85.570006,-306.241,0.));
#4031 = DIRECTION('',(-0.,0.,-1.));
#4032 = DIRECTION('',(-0.,-1.,0.));
#4033 = FACE_BOUND('',#4034,.F.);
#4034 = EDGE_LOOP('',(#4035));
#4035 = ORIENTED_EDGE('',*,*,#4036,.T.);
#4036 = EDGE_CURVE('',#4037,#4037,#4039,.T.);
#4037 = VERTEX_POINT('',#4038);
#4038 = CARTESIAN_POINT('',(87.947506,-323.461,0.));
#4039 = CIRCLE('',#4040,0.45);
#4040 = AXIS2_PLACEMENT_3D('',#4041,#4042,#4043);
#4041 = CARTESIAN_POINT('',(87.947506,-323.011,0.));
#4042 = DIRECTION('',(-0.,0.,-1.));
#4043 = DIRECTION('',(-0.,-1.,0.));
#4044 = FACE_BOUND('',#4045,.F.);
#4045 = EDGE_LOOP('',(#4046));
#4046 = ORIENTED_EDGE('',*,*,#4047,.T.);
#4047 = EDGE_CURVE('',#4048,#4048,#4050,.T.);
#4048 = VERTEX_POINT('',#4049);
#4049 = CARTESIAN_POINT('',(87.947506,-311.061,0.));
#4050 = CIRCLE('',#4051,0.45);
#4051 = AXIS2_PLACEMENT_3D('',#4052,#4053,#4054);
#4052 = CARTESIAN_POINT('',(87.947506,-310.611,0.));
#4053 = DIRECTION('',(-0.,0.,-1.));
#4054 = DIRECTION('',(-0.,-1.,0.));
#4055 = FACE_BOUND('',#4056,.F.);
#4056 = EDGE_LOOP('',(#4057));
#4057 = ORIENTED_EDGE('',*,*,#4058,.T.);
#4058 = EDGE_CURVE('',#4059,#4059,#4061,.T.);
#4059 = VERTEX_POINT('',#4060);
#4060 = CARTESIAN_POINT('',(88.167506,-283.031,0.));
#4061 = CIRCLE('',#4062,0.45);
#4062 = AXIS2_PLACEMENT_3D('',#4063,#4064,#4065);
#4063 = CARTESIAN_POINT('',(88.167506,-282.581,0.));
#4064 = DIRECTION('',(-0.,0.,-1.));
#4065 = DIRECTION('',(-0.,-1.,0.));
#4066 = FACE_BOUND('',#4067,.F.);
#4067 = EDGE_LOOP('',(#4068));
#4068 = ORIENTED_EDGE('',*,*,#4069,.T.);
#4069 = EDGE_CURVE('',#4070,#4070,#4072,.T.);
#4070 = VERTEX_POINT('',#4071);
#4071 = CARTESIAN_POINT('',(88.167506,-270.631,0.));
#4072 = CIRCLE('',#4073,0.45);
#4073 = AXIS2_PLACEMENT_3D('',#4074,#4075,#4076);
#4074 = CARTESIAN_POINT('',(88.167506,-270.181,0.));
#4075 = DIRECTION('',(-0.,0.,-1.));
#4076 = DIRECTION('',(-0.,-1.,0.));
#4077 = FACE_BOUND('',#4078,.F.);
#4078 = EDGE_LOOP('',(#4079));
#4079 = ORIENTED_EDGE('',*,*,#4080,.T.);
#4080 = EDGE_CURVE('',#4081,#4081,#4083,.T.);
#4081 = VERTEX_POINT('',#4082);
#4082 = CARTESIAN_POINT('',(84.080006,-265.901,0.));
#4083 = CIRCLE('',#4084,0.25);
#4084 = AXIS2_PLACEMENT_3D('',#4085,#4086,#4087);
#4085 = CARTESIAN_POINT('',(84.080006,-265.651,0.));
#4086 = DIRECTION('',(-0.,0.,-1.));
#4087 = DIRECTION('',(-0.,-1.,0.));
#4088 = FACE_BOUND('',#4089,.F.);
#4089 = EDGE_LOOP('',(#4090));
#4090 = ORIENTED_EDGE('',*,*,#4091,.T.);
#4091 = EDGE_CURVE('',#4092,#4092,#4094,.T.);
#4092 = VERTEX_POINT('',#4093);
#4093 = CARTESIAN_POINT('',(83.685006,-225.326,0.));
#4094 = CIRCLE('',#4095,0.25);
#4095 = AXIS2_PLACEMENT_3D('',#4096,#4097,#4098);
#4096 = CARTESIAN_POINT('',(83.685006,-225.076,0.));
#4097 = DIRECTION('',(-0.,0.,-1.));
#4098 = DIRECTION('',(-0.,-1.,0.));
#4099 = FACE_BOUND('',#4100,.F.);
#4100 = EDGE_LOOP('',(#4101));
#4101 = ORIENTED_EDGE('',*,*,#4102,.T.);
#4102 = EDGE_CURVE('',#4103,#4103,#4105,.T.);
#4103 = VERTEX_POINT('',#4104);
#4104 = CARTESIAN_POINT('',(84.935006,-225.326,0.));
#4105 = CIRCLE('',#4106,0.25);
#4106 = AXIS2_PLACEMENT_3D('',#4107,#4108,#4109);
#4107 = CARTESIAN_POINT('',(84.935006,-225.076,0.));
#4108 = DIRECTION('',(-0.,0.,-1.));
#4109 = DIRECTION('',(-0.,-1.,0.));
#4110 = FACE_BOUND('',#4111,.F.);
#4111 = EDGE_LOOP('',(#4112));
#4112 = ORIENTED_EDGE('',*,*,#4113,.T.);
#4113 = EDGE_CURVE('',#4114,#4114,#4116,.T.);
#4114 = VERTEX_POINT('',#4115);
#4115 = CARTESIAN_POINT('',(85.330006,-265.901,0.));
#4116 = CIRCLE('',#4117,0.25);
#4117 = AXIS2_PLACEMENT_3D('',#4118,#4119,#4120);
#4118 = CARTESIAN_POINT('',(85.330006,-265.651,0.));
#4119 = DIRECTION('',(-0.,0.,-1.));
#4120 = DIRECTION('',(-0.,-1.,0.));
#4121 = FACE_BOUND('',#4122,.F.);
#4122 = EDGE_LOOP('',(#4123));
#4123 = ORIENTED_EDGE('',*,*,#4124,.T.);
#4124 = EDGE_CURVE('',#4125,#4125,#4127,.T.);
#4125 = VERTEX_POINT('',#4126);
#4126 = CARTESIAN_POINT('',(87.867506,-242.281,0.));
#4127 = CIRCLE('',#4128,0.45);
#4128 = AXIS2_PLACEMENT_3D('',#4129,#4130,#4131);
#4129 = CARTESIAN_POINT('',(87.867506,-241.831,0.));
#4130 = DIRECTION('',(-0.,0.,-1.));
#4131 = DIRECTION('',(3.157967714489E-14,-1.,-0.));
#4132 = FACE_BOUND('',#4133,.F.);
#4133 = EDGE_LOOP('',(#4134));
#4134 = ORIENTED_EDGE('',*,*,#4135,.T.);
#4135 = EDGE_CURVE('',#4136,#4136,#4138,.T.);
#4136 = VERTEX_POINT('',#4137);
#4137 = CARTESIAN_POINT('',(87.867506,-229.881,0.));
#4138 = CIRCLE('',#4139,0.45);
#4139 = AXIS2_PLACEMENT_3D('',#4140,#4141,#4142);
#4140 = CARTESIAN_POINT('',(87.867506,-229.431,0.));
#4141 = DIRECTION('',(-0.,0.,-1.));
#4142 = DIRECTION('',(3.157967714489E-14,-1.,-0.));
#4143 = FACE_BOUND('',#4144,.F.);
#4144 = EDGE_LOOP('',(#4145));
#4145 = ORIENTED_EDGE('',*,*,#4146,.T.);
#4146 = EDGE_CURVE('',#4147,#4147,#4149,.T.);
#4147 = VERTEX_POINT('',#4148);
#4148 = CARTESIAN_POINT('',(87.707506,-201.981,0.));
#4149 = CIRCLE('',#4150,0.45);
#4150 = AXIS2_PLACEMENT_3D('',#4151,#4152,#4153);
#4151 = CARTESIAN_POINT('',(87.707506,-201.531,0.));
#4152 = DIRECTION('',(-0.,0.,-1.));
#4153 = DIRECTION('',(-0.,-1.,0.));
#4154 = FACE_BOUND('',#4155,.F.);
#4155 = EDGE_LOOP('',(#4156));
#4156 = ORIENTED_EDGE('',*,*,#4157,.T.);
#4157 = EDGE_CURVE('',#4158,#4158,#4160,.T.);
#4158 = VERTEX_POINT('',#4159);
#4159 = CARTESIAN_POINT('',(75.99,-177.36,0.));
#4160 = CIRCLE('',#4161,2.75);
#4161 = AXIS2_PLACEMENT_3D('',#4162,#4163,#4164);
#4162 = CARTESIAN_POINT('',(75.99,-174.61,0.));
#4163 = DIRECTION('',(-0.,0.,-1.));
#4164 = DIRECTION('',(-0.,-1.,0.));
#4165 = FACE_BOUND('',#4166,.F.);
#4166 = EDGE_LOOP('',(#4167));
#4167 = ORIENTED_EDGE('',*,*,#4168,.T.);
#4168 = EDGE_CURVE('',#4169,#4169,#4171,.T.);
#4169 = VERTEX_POINT('',#4170);
#4170 = CARTESIAN_POINT('',(75.99,-157.03,0.));
#4171 = CIRCLE('',#4172,2.75);
#4172 = AXIS2_PLACEMENT_3D('',#4173,#4174,#4175);
#4173 = CARTESIAN_POINT('',(75.99,-154.28,0.));
#4174 = DIRECTION('',(-0.,0.,-1.));
#4175 = DIRECTION('',(-0.,-1.,0.));
#4176 = FACE_BOUND('',#4177,.F.);
#4177 = EDGE_LOOP('',(#4178));
#4178 = ORIENTED_EDGE('',*,*,#4179,.T.);
#4179 = EDGE_CURVE('',#4180,#4180,#4182,.T.);
#4180 = VERTEX_POINT('',#4181);
#4181 = CARTESIAN_POINT('',(75.99,-136.7,0.));
#4182 = CIRCLE('',#4183,2.75);
#4183 = AXIS2_PLACEMENT_3D('',#4184,#4185,#4186);
#4184 = CARTESIAN_POINT('',(75.99,-133.95,0.));
#4185 = DIRECTION('',(-0.,0.,-1.));
#4186 = DIRECTION('',(-0.,-1.,0.));
#4187 = FACE_BOUND('',#4188,.F.);
#4188 = EDGE_LOOP('',(#4189));
#4189 = ORIENTED_EDGE('',*,*,#4190,.T.);
#4190 = EDGE_CURVE('',#4191,#4191,#4193,.T.);
#4191 = VERTEX_POINT('',#4192);
#4192 = CARTESIAN_POINT('',(75.99,-116.37,0.));
#4193 = CIRCLE('',#4194,2.75);
#4194 = AXIS2_PLACEMENT_3D('',#4195,#4196,#4197);
#4195 = CARTESIAN_POINT('',(75.99,-113.62,0.));
#4196 = DIRECTION('',(-0.,0.,-1.));
#4197 = DIRECTION('',(-0.,-1.,0.));
#4198 = FACE_BOUND('',#4199,.F.);
#4199 = EDGE_LOOP('',(#4200));
#4200 = ORIENTED_EDGE('',*,*,#4201,.T.);
#4201 = EDGE_CURVE('',#4202,#4202,#4204,.T.);
#4202 = VERTEX_POINT('',#4203);
#4203 = CARTESIAN_POINT('',(76.27,-96.04,0.));
#4204 = CIRCLE('',#4205,2.75);
#4205 = AXIS2_PLACEMENT_3D('',#4206,#4207,#4208);
#4206 = CARTESIAN_POINT('',(76.27,-93.29,0.));
#4207 = DIRECTION('',(-0.,0.,-1.));
#4208 = DIRECTION('',(-0.,-1.,0.));
#4209 = FACE_BOUND('',#4210,.F.);
#4210 = EDGE_LOOP('',(#4211));
#4211 = ORIENTED_EDGE('',*,*,#4212,.T.);
#4212 = EDGE_CURVE('',#4213,#4213,#4215,.T.);
#4213 = VERTEX_POINT('',#4214);
#4214 = CARTESIAN_POINT('',(75.99,-75.71,0.));
#4215 = CIRCLE('',#4216,2.75);
#4216 = AXIS2_PLACEMENT_3D('',#4217,#4218,#4219);
#4217 = CARTESIAN_POINT('',(75.99,-72.96,0.));
#4218 = DIRECTION('',(-0.,0.,-1.));
#4219 = DIRECTION('',(-0.,-1.,0.));
#4220 = FACE_BOUND('',#4221,.F.);
#4221 = EDGE_LOOP('',(#4222));
#4222 = ORIENTED_EDGE('',*,*,#4223,.T.);
#4223 = EDGE_CURVE('',#4224,#4224,#4226,.T.);
#4224 = VERTEX_POINT('',#4225);
#4225 = CARTESIAN_POINT('',(75.99,-55.38,0.));
#4226 = CIRCLE('',#4227,2.75);
#4227 = AXIS2_PLACEMENT_3D('',#4228,#4229,#4230);
#4228 = CARTESIAN_POINT('',(75.99,-52.63,0.));
#4229 = DIRECTION('',(-0.,0.,-1.));
#4230 = DIRECTION('',(-0.,-1.,0.));
#4231 = FACE_BOUND('',#4232,.F.);
#4232 = EDGE_LOOP('',(#4233));
#4233 = ORIENTED_EDGE('',*,*,#4234,.T.);
#4234 = EDGE_CURVE('',#4235,#4235,#4237,.T.);
#4235 = VERTEX_POINT('',#4236);
#4236 = CARTESIAN_POINT('',(84.130006,-184.721,0.));
#4237 = CIRCLE('',#4238,0.25);
#4238 = AXIS2_PLACEMENT_3D('',#4239,#4240,#4241);
#4239 = CARTESIAN_POINT('',(84.130006,-184.471,0.));
#4240 = DIRECTION('',(-0.,0.,-1.));
#4241 = DIRECTION('',(-0.,-1.,0.));
#4242 = FACE_BOUND('',#4243,.F.);
#4243 = EDGE_LOOP('',(#4244));
#4244 = ORIENTED_EDGE('',*,*,#4245,.T.);
#4245 = EDGE_CURVE('',#4246,#4246,#4248,.T.);
#4246 = VERTEX_POINT('',#4247);
#4247 = CARTESIAN_POINT('',(83.920006,-144.091,0.));
#4248 = CIRCLE('',#4249,0.25);
#4249 = AXIS2_PLACEMENT_3D('',#4250,#4251,#4252);
#4250 = CARTESIAN_POINT('',(83.920006,-143.841,0.));
#4251 = DIRECTION('',(-0.,0.,-1.));
#4252 = DIRECTION('',(-0.,-1.,0.));
#4253 = FACE_BOUND('',#4254,.F.);
#4254 = EDGE_LOOP('',(#4255));
#4255 = ORIENTED_EDGE('',*,*,#4256,.T.);
#4256 = EDGE_CURVE('',#4257,#4257,#4259,.T.);
#4257 = VERTEX_POINT('',#4258);
#4258 = CARTESIAN_POINT('',(85.380006,-184.721,0.));
#4259 = CIRCLE('',#4260,0.25);
#4260 = AXIS2_PLACEMENT_3D('',#4261,#4262,#4263);
#4261 = CARTESIAN_POINT('',(85.380006,-184.471,0.));
#4262 = DIRECTION('',(-0.,0.,-1.));
#4263 = DIRECTION('',(-0.,-1.,0.));
#4264 = FACE_BOUND('',#4265,.F.);
#4265 = EDGE_LOOP('',(#4266));
#4266 = ORIENTED_EDGE('',*,*,#4267,.T.);
#4267 = EDGE_CURVE('',#4268,#4268,#4270,.T.);
#4268 = VERTEX_POINT('',#4269);
#4269 = CARTESIAN_POINT('',(87.707506,-189.581,0.));
#4270 = CIRCLE('',#4271,0.45);
#4271 = AXIS2_PLACEMENT_3D('',#4272,#4273,#4274);
#4272 = CARTESIAN_POINT('',(87.707506,-189.131,0.));
#4273 = DIRECTION('',(-0.,0.,-1.));
#4274 = DIRECTION('',(-0.,-1.,0.));
#4275 = FACE_BOUND('',#4276,.F.);
#4276 = EDGE_LOOP('',(#4277));
#4277 = ORIENTED_EDGE('',*,*,#4278,.T.);
#4278 = EDGE_CURVE('',#4279,#4279,#4281,.T.);
#4279 = VERTEX_POINT('',#4280);
#4280 = CARTESIAN_POINT('',(87.857506,-161.101,0.));
#4281 = CIRCLE('',#4282,0.45);
#4282 = AXIS2_PLACEMENT_3D('',#4283,#4284,#4285);
#4283 = CARTESIAN_POINT('',(87.857506,-160.651,0.));
#4284 = DIRECTION('',(-0.,0.,-1.));
#4285 = DIRECTION('',(-0.,-1.,0.));
#4286 = FACE_BOUND('',#4287,.F.);
#4287 = EDGE_LOOP('',(#4288));
#4288 = ORIENTED_EDGE('',*,*,#4289,.T.);
#4289 = EDGE_CURVE('',#4290,#4290,#4292,.T.);
#4290 = VERTEX_POINT('',#4291);
#4291 = CARTESIAN_POINT('',(85.170006,-144.091,0.));
#4292 = CIRCLE('',#4293,0.25);
#4293 = AXIS2_PLACEMENT_3D('',#4294,#4295,#4296);
#4294 = CARTESIAN_POINT('',(85.170006,-143.841,0.));
#4295 = DIRECTION('',(-0.,0.,-1.));
#4296 = DIRECTION('',(-0.,-1.,0.));
#4297 = FACE_BOUND('',#4298,.F.);
#4298 = EDGE_LOOP('',(#4299));
#4299 = ORIENTED_EDGE('',*,*,#4300,.T.);
#4300 = EDGE_CURVE('',#4301,#4301,#4303,.T.);
#4301 = VERTEX_POINT('',#4302);
#4302 = CARTESIAN_POINT('',(87.857506,-148.701,0.));
#4303 = CIRCLE('',#4304,0.45);
#4304 = AXIS2_PLACEMENT_3D('',#4305,#4306,#4307);
#4305 = CARTESIAN_POINT('',(87.857506,-148.251,0.));
#4306 = DIRECTION('',(-0.,0.,-1.));
#4307 = DIRECTION('',(-0.,-1.,0.));
#4308 = FACE_BOUND('',#4309,.F.);
#4309 = EDGE_LOOP('',(#4310));
#4310 = ORIENTED_EDGE('',*,*,#4311,.T.);
#4311 = EDGE_CURVE('',#4312,#4312,#4314,.T.);
#4312 = VERTEX_POINT('',#4313);
#4313 = CARTESIAN_POINT('',(87.947506,-120.571,0.));
#4314 = CIRCLE('',#4315,0.45);
#4315 = AXIS2_PLACEMENT_3D('',#4316,#4317,#4318);
#4316 = CARTESIAN_POINT('',(87.947506,-120.121,0.));
#4317 = DIRECTION('',(-0.,0.,-1.));
#4318 = DIRECTION('',(-0.,-1.,0.));
#4319 = FACE_BOUND('',#4320,.F.);
#4320 = EDGE_LOOP('',(#4321));
#4321 = ORIENTED_EDGE('',*,*,#4322,.T.);
#4322 = EDGE_CURVE('',#4323,#4323,#4325,.T.);
#4323 = VERTEX_POINT('',#4324);
#4324 = CARTESIAN_POINT('',(83.730006,-103.391,0.));
#4325 = CIRCLE('',#4326,0.25);
#4326 = AXIS2_PLACEMENT_3D('',#4327,#4328,#4329);
#4327 = CARTESIAN_POINT('',(83.730006,-103.141,0.));
#4328 = DIRECTION('',(-0.,0.,-1.));
#4329 = DIRECTION('',(-0.,-1.,0.));
#4330 = FACE_BOUND('',#4331,.F.);
#4331 = EDGE_LOOP('',(#4332));
#4332 = ORIENTED_EDGE('',*,*,#4333,.T.);
#4333 = EDGE_CURVE('',#4334,#4334,#4336,.T.);
#4334 = VERTEX_POINT('',#4335);
#4335 = CARTESIAN_POINT('',(83.810006,-83.241,0.));
#4336 = CIRCLE('',#4337,0.25);
#4337 = AXIS2_PLACEMENT_3D('',#4338,#4339,#4340);
#4338 = CARTESIAN_POINT('',(83.810006,-82.991,0.));
#4339 = DIRECTION('',(-0.,0.,-1.));
#4340 = DIRECTION('',(-0.,-1.,0.));
#4341 = FACE_BOUND('',#4342,.F.);
#4342 = EDGE_LOOP('',(#4343));
#4343 = ORIENTED_EDGE('',*,*,#4344,.T.);
#4344 = EDGE_CURVE('',#4345,#4345,#4347,.T.);
#4345 = VERTEX_POINT('',#4346);
#4346 = CARTESIAN_POINT('',(84.300006,-62.821,0.));
#4347 = CIRCLE('',#4348,0.25);
#4348 = AXIS2_PLACEMENT_3D('',#4349,#4350,#4351);
#4349 = CARTESIAN_POINT('',(84.300006,-62.571,0.));
#4350 = DIRECTION('',(-0.,0.,-1.));
#4351 = DIRECTION('',(-0.,-1.,0.));
#4352 = FACE_BOUND('',#4353,.F.);
#4353 = EDGE_LOOP('',(#4354));
#4354 = ORIENTED_EDGE('',*,*,#4355,.T.);
#4355 = EDGE_CURVE('',#4356,#4356,#4358,.T.);
#4356 = VERTEX_POINT('',#4357);
#4357 = CARTESIAN_POINT('',(84.980006,-103.391,0.));
#4358 = CIRCLE('',#4359,0.25);
#4359 = AXIS2_PLACEMENT_3D('',#4360,#4361,#4362);
#4360 = CARTESIAN_POINT('',(84.980006,-103.141,0.));
#4361 = DIRECTION('',(-0.,0.,-1.));
#4362 = DIRECTION('',(-0.,-1.,0.));
#4363 = FACE_BOUND('',#4364,.F.);
#4364 = EDGE_LOOP('',(#4365));
#4365 = ORIENTED_EDGE('',*,*,#4366,.T.);
#4366 = EDGE_CURVE('',#4367,#4367,#4369,.T.);
#4367 = VERTEX_POINT('',#4368);
#4368 = CARTESIAN_POINT('',(85.060006,-83.241,0.));
#4369 = CIRCLE('',#4370,0.25);
#4370 = AXIS2_PLACEMENT_3D('',#4371,#4372,#4373);
#4371 = CARTESIAN_POINT('',(85.060006,-82.991,0.));
#4372 = DIRECTION('',(-0.,0.,-1.));
#4373 = DIRECTION('',(-0.,-1.,0.));
#4374 = FACE_BOUND('',#4375,.F.);
#4375 = EDGE_LOOP('',(#4376));
#4376 = ORIENTED_EDGE('',*,*,#4377,.T.);
#4377 = EDGE_CURVE('',#4378,#4378,#4380,.T.);
#4378 = VERTEX_POINT('',#4379);
#4379 = CARTESIAN_POINT('',(87.947506,-108.171,0.));
#4380 = CIRCLE('',#4381,0.45);
#4381 = AXIS2_PLACEMENT_3D('',#4382,#4383,#4384);
#4382 = CARTESIAN_POINT('',(87.947506,-107.721,0.));
#4383 = DIRECTION('',(-0.,0.,-1.));
#4384 = DIRECTION('',(-0.,-1.,0.));
#4385 = FACE_BOUND('',#4386,.F.);
#4386 = EDGE_LOOP('',(#4387));
#4387 = ORIENTED_EDGE('',*,*,#4388,.T.);
#4388 = EDGE_CURVE('',#4389,#4389,#4391,.T.);
#4389 = VERTEX_POINT('',#4390);
#4390 = CARTESIAN_POINT('',(85.550006,-62.821,0.));
#4391 = CIRCLE('',#4392,0.25);
#4392 = AXIS2_PLACEMENT_3D('',#4393,#4394,#4395);
#4393 = CARTESIAN_POINT('',(85.550006,-62.571,0.));
#4394 = DIRECTION('',(-0.,0.,-1.));
#4395 = DIRECTION('',(-0.,-1.,0.));
#4396 = FACE_BOUND('',#4397,.F.);
#4397 = EDGE_LOOP('',(#4398));
#4398 = ORIENTED_EDGE('',*,*,#4399,.T.);
#4399 = EDGE_CURVE('',#4400,#4400,#4402,.T.);
#4400 = VERTEX_POINT('',#4401);
#4401 = CARTESIAN_POINT('',(88.132506,-79.941,0.));
#4402 = CIRCLE('',#4403,0.45);
#4403 = AXIS2_PLACEMENT_3D('',#4404,#4405,#4406);
#4404 = CARTESIAN_POINT('',(88.132506,-79.491,0.));
#4405 = DIRECTION('',(-0.,0.,-1.));
#4406 = DIRECTION('',(-0.,-1.,0.));
#4407 = FACE_BOUND('',#4408,.F.);
#4408 = EDGE_LOOP('',(#4409));
#4409 = ORIENTED_EDGE('',*,*,#4410,.T.);
#4410 = EDGE_CURVE('',#4411,#4411,#4413,.T.);
#4411 = VERTEX_POINT('',#4412);
#4412 = CARTESIAN_POINT('',(88.132506,-67.541,0.));
#4413 = CIRCLE('',#4414,0.45);
#4414 = AXIS2_PLACEMENT_3D('',#4415,#4416,#4417);
#4415 = CARTESIAN_POINT('',(88.132506,-67.091,0.));
#4416 = DIRECTION('',(-0.,0.,-1.));
#4417 = DIRECTION('',(-0.,-1.,0.));
#4418 = FACE_BOUND('',#4419,.F.);
#4419 = EDGE_LOOP('',(#4420));
#4420 = ORIENTED_EDGE('',*,*,#4421,.T.);
#4421 = EDGE_CURVE('',#4422,#4422,#4424,.T.);
#4422 = VERTEX_POINT('',#4423);
#4423 = CARTESIAN_POINT('',(88.410006,-59.461,0.));
#4424 = CIRCLE('',#4425,0.45);
#4425 = AXIS2_PLACEMENT_3D('',#4426,#4427,#4428);
#4426 = CARTESIAN_POINT('',(88.410006,-59.011,0.));
#4427 = DIRECTION('',(-0.,0.,-1.));
#4428 = DIRECTION('',(-3.157967714489E-14,-1.,0.));
#4429 = FACE_BOUND('',#4430,.F.);
#4430 = EDGE_LOOP('',(#4431));
#4431 = ORIENTED_EDGE('',*,*,#4432,.T.);
#4432 = EDGE_CURVE('',#4433,#4433,#4435,.T.);
#4433 = VERTEX_POINT('',#4434);
#4434 = CARTESIAN_POINT('',(88.410006,-47.061,0.));
#4435 = CIRCLE('',#4436,0.45);
#4436 = AXIS2_PLACEMENT_3D('',#4437,#4438,#4439);
#4437 = CARTESIAN_POINT('',(88.410006,-46.611,0.));
#4438 = DIRECTION('',(-0.,0.,-1.));
#4439 = DIRECTION('',(-3.157967714489E-14,-1.,0.));
#4440 = PLANE('',#4441);
#4441 = AXIS2_PLACEMENT_3D('',#4442,#4443,#4444);
#4442 = CARTESIAN_POINT('',(0.,0.,0.));
#4443 = DIRECTION('',(0.,0.,1.));
#4444 = DIRECTION('',(1.,0.,-0.));
#4445 = ADVANCED_FACE('',(#4446,#4492,#4503,#4514,#4525,#4536,#4547,
    #4558,#4569,#4580,#4591,#4602,#4613,#4624,#4635,#4646,#4657,#4668,
    #4679,#4690,#4701,#4712,#4723,#4734,#4745,#4756,#4767,#4778,#4789,
    #4800,#4811,#4822,#4833,#4844,#4855,#4866,#4877,#4888,#4899,#4910,
    #4921,#4932,#4943,#4954,#4965,#4976,#4987,#4998),#5009,.T.);
#4446 = FACE_BOUND('',#4447,.T.);
#4447 = EDGE_LOOP('',(#4448,#4449,#4450,#4459,#4467,#4476,#4484,#4491));
#4448 = ORIENTED_EDGE('',*,*,#3786,.F.);
#4449 = ORIENTED_EDGE('',*,*,#3828,.F.);
#4450 = ORIENTED_EDGE('',*,*,#4451,.F.);
#4451 = EDGE_CURVE('',#4452,#3821,#4454,.T.);
#4452 = VERTEX_POINT('',#4453);
#4453 = CARTESIAN_POINT('',(63.990006,-47.482,1.51));
#4454 = CIRCLE('',#4455,4.999999678834);
#4455 = AXIS2_PLACEMENT_3D('',#4456,#4457,#4458);
#4456 = CARTESIAN_POINT('',(68.990005678834,-47.48199967883,1.51));
#4457 = DIRECTION('',(0.,0.,-1.));
#4458 = DIRECTION('',(-1.,-6.423314417722E-08,-0.));
#4459 = ORIENTED_EDGE('',*,*,#4460,.F.);
#4460 = EDGE_CURVE('',#4461,#4452,#4463,.T.);
#4461 = VERTEX_POINT('',#4462);
#4462 = CARTESIAN_POINT('',(63.990006,-342.401,1.51));
#4463 = LINE('',#4464,#4465);
#4464 = CARTESIAN_POINT('',(63.990006,-342.401,1.51));
#4465 = VECTOR('',#4466,1.);
#4466 = DIRECTION('',(0.,1.,0.));
#4467 = ORIENTED_EDGE('',*,*,#4468,.F.);
#4468 = EDGE_CURVE('',#4469,#4461,#4471,.T.);
#4469 = VERTEX_POINT('',#4470);
#4470 = CARTESIAN_POINT('',(68.990006,-347.401,1.51));
#4471 = CIRCLE('',#4472,4.999999678834);
#4472 = AXIS2_PLACEMENT_3D('',#4473,#4474,#4475);
#4473 = CARTESIAN_POINT('',(68.990005678834,-342.4010003211,1.51));
#4474 = DIRECTION('',(0.,0.,-1.));
#4475 = DIRECTION('',(6.423313565071E-08,-1.,0.));
#4476 = ORIENTED_EDGE('',*,*,#4477,.F.);
#4477 = EDGE_CURVE('',#4478,#4469,#4480,.T.);
#4478 = VERTEX_POINT('',#4479);
#4479 = CARTESIAN_POINT('',(88.99,-347.401,1.51));
#4480 = LINE('',#4481,#4482);
#4481 = CARTESIAN_POINT('',(88.99,-347.401,1.51));
#4482 = VECTOR('',#4483,1.);
#4483 = DIRECTION('',(-1.,0.,0.));
#4484 = ORIENTED_EDGE('',*,*,#4485,.F.);
#4485 = EDGE_CURVE('',#3851,#4478,#4486,.T.);
#4486 = CIRCLE('',#4487,4.999999678834);
#4487 = AXIS2_PLACEMENT_3D('',#4488,#4489,#4490);
#4488 = CARTESIAN_POINT('',(88.990000321166,-342.4010003211,1.51));
#4489 = DIRECTION('',(0.,0.,-1.));
#4490 = DIRECTION('',(1.,6.423313565071E-08,0.));
#4491 = ORIENTED_EDGE('',*,*,#3850,.F.);
#4492 = FACE_BOUND('',#4493,.T.);
#4493 = EDGE_LOOP('',(#4494));
#4494 = ORIENTED_EDGE('',*,*,#4495,.T.);
#4495 = EDGE_CURVE('',#4496,#4496,#4498,.T.);
#4496 = VERTEX_POINT('',#4497);
#4497 = CARTESIAN_POINT('',(75.99,-340.,1.51));
#4498 = CIRCLE('',#4499,2.75);
#4499 = AXIS2_PLACEMENT_3D('',#4500,#4501,#4502);
#4500 = CARTESIAN_POINT('',(75.99,-337.25,1.51));
#4501 = DIRECTION('',(-0.,0.,-1.));
#4502 = DIRECTION('',(-0.,-1.,0.));
#4503 = FACE_BOUND('',#4504,.T.);
#4504 = EDGE_LOOP('',(#4505));
#4505 = ORIENTED_EDGE('',*,*,#4506,.T.);
#4506 = EDGE_CURVE('',#4507,#4507,#4509,.T.);
#4507 = VERTEX_POINT('',#4508);
#4508 = CARTESIAN_POINT('',(75.99,-319.67,1.51));
#4509 = CIRCLE('',#4510,2.75);
#4510 = AXIS2_PLACEMENT_3D('',#4511,#4512,#4513);
#4511 = CARTESIAN_POINT('',(75.99,-316.92,1.51));
#4512 = DIRECTION('',(-0.,0.,-1.));
#4513 = DIRECTION('',(-0.,-1.,0.));
#4514 = FACE_BOUND('',#4515,.T.);
#4515 = EDGE_LOOP('',(#4516));
#4516 = ORIENTED_EDGE('',*,*,#4517,.T.);
#4517 = EDGE_CURVE('',#4518,#4518,#4520,.T.);
#4518 = VERTEX_POINT('',#4519);
#4519 = CARTESIAN_POINT('',(75.99,-299.34,1.51));
#4520 = CIRCLE('',#4521,2.75);
#4521 = AXIS2_PLACEMENT_3D('',#4522,#4523,#4524);
#4522 = CARTESIAN_POINT('',(75.99,-296.59,1.51));
#4523 = DIRECTION('',(-0.,0.,-1.));
#4524 = DIRECTION('',(-0.,-1.,0.));
#4525 = FACE_BOUND('',#4526,.T.);
#4526 = EDGE_LOOP('',(#4527));
#4527 = ORIENTED_EDGE('',*,*,#4528,.T.);
#4528 = EDGE_CURVE('',#4529,#4529,#4531,.T.);
#4529 = VERTEX_POINT('',#4530);
#4530 = CARTESIAN_POINT('',(75.99,-279.01,1.51));
#4531 = CIRCLE('',#4532,2.75);
#4532 = AXIS2_PLACEMENT_3D('',#4533,#4534,#4535);
#4533 = CARTESIAN_POINT('',(75.99,-276.26,1.51));
#4534 = DIRECTION('',(-0.,0.,-1.));
#4535 = DIRECTION('',(-0.,-1.,0.));
#4536 = FACE_BOUND('',#4537,.T.);
#4537 = EDGE_LOOP('',(#4538));
#4538 = ORIENTED_EDGE('',*,*,#4539,.T.);
#4539 = EDGE_CURVE('',#4540,#4540,#4542,.T.);
#4540 = VERTEX_POINT('',#4541);
#4541 = CARTESIAN_POINT('',(76.27,-258.68,1.51));
#4542 = CIRCLE('',#4543,2.75);
#4543 = AXIS2_PLACEMENT_3D('',#4544,#4545,#4546);
#4544 = CARTESIAN_POINT('',(76.27,-255.93,1.51));
#4545 = DIRECTION('',(-0.,0.,-1.));
#4546 = DIRECTION('',(-0.,-1.,0.));
#4547 = FACE_BOUND('',#4548,.T.);
#4548 = EDGE_LOOP('',(#4549));
#4549 = ORIENTED_EDGE('',*,*,#4550,.T.);
#4550 = EDGE_CURVE('',#4551,#4551,#4553,.T.);
#4551 = VERTEX_POINT('',#4552);
#4552 = CARTESIAN_POINT('',(75.99,-238.35,1.51));
#4553 = CIRCLE('',#4554,2.75);
#4554 = AXIS2_PLACEMENT_3D('',#4555,#4556,#4557);
#4555 = CARTESIAN_POINT('',(75.99,-235.6,1.51));
#4556 = DIRECTION('',(-0.,0.,-1.));
#4557 = DIRECTION('',(-0.,-1.,0.));
#4558 = FACE_BOUND('',#4559,.T.);
#4559 = EDGE_LOOP('',(#4560));
#4560 = ORIENTED_EDGE('',*,*,#4561,.T.);
#4561 = EDGE_CURVE('',#4562,#4562,#4564,.T.);
#4562 = VERTEX_POINT('',#4563);
#4563 = CARTESIAN_POINT('',(76.27,-218.02,1.51));
#4564 = CIRCLE('',#4565,2.75);
#4565 = AXIS2_PLACEMENT_3D('',#4566,#4567,#4568);
#4566 = CARTESIAN_POINT('',(76.27,-215.27,1.51));
#4567 = DIRECTION('',(-0.,0.,-1.));
#4568 = DIRECTION('',(-0.,-1.,0.));
#4569 = FACE_BOUND('',#4570,.T.);
#4570 = EDGE_LOOP('',(#4571));
#4571 = ORIENTED_EDGE('',*,*,#4572,.T.);
#4572 = EDGE_CURVE('',#4573,#4573,#4575,.T.);
#4573 = VERTEX_POINT('',#4574);
#4574 = CARTESIAN_POINT('',(75.99,-197.69,1.51));
#4575 = CIRCLE('',#4576,2.75);
#4576 = AXIS2_PLACEMENT_3D('',#4577,#4578,#4579);
#4577 = CARTESIAN_POINT('',(75.99,-194.94,1.51));
#4578 = DIRECTION('',(-0.,0.,-1.));
#4579 = DIRECTION('',(-0.,-1.,0.));
#4580 = FACE_BOUND('',#4581,.T.);
#4581 = EDGE_LOOP('',(#4582));
#4582 = ORIENTED_EDGE('',*,*,#4583,.T.);
#4583 = EDGE_CURVE('',#4584,#4584,#4586,.T.);
#4584 = VERTEX_POINT('',#4585);
#4585 = CARTESIAN_POINT('',(84.320006,-306.491,1.51));
#4586 = CIRCLE('',#4587,0.25);
#4587 = AXIS2_PLACEMENT_3D('',#4588,#4589,#4590);
#4588 = CARTESIAN_POINT('',(84.320006,-306.241,1.51));
#4589 = DIRECTION('',(-0.,0.,-1.));
#4590 = DIRECTION('',(-0.,-1.,0.));
#4591 = FACE_BOUND('',#4592,.T.);
#4592 = EDGE_LOOP('',(#4593));
#4593 = ORIENTED_EDGE('',*,*,#4594,.T.);
#4594 = EDGE_CURVE('',#4595,#4595,#4597,.T.);
#4595 = VERTEX_POINT('',#4596);
#4596 = CARTESIAN_POINT('',(85.570006,-306.491,1.51));
#4597 = CIRCLE('',#4598,0.25);
#4598 = AXIS2_PLACEMENT_3D('',#4599,#4600,#4601);
#4599 = CARTESIAN_POINT('',(85.570006,-306.241,1.51));
#4600 = DIRECTION('',(-0.,0.,-1.));
#4601 = DIRECTION('',(-0.,-1.,0.));
#4602 = FACE_BOUND('',#4603,.T.);
#4603 = EDGE_LOOP('',(#4604));
#4604 = ORIENTED_EDGE('',*,*,#4605,.T.);
#4605 = EDGE_CURVE('',#4606,#4606,#4608,.T.);
#4606 = VERTEX_POINT('',#4607);
#4607 = CARTESIAN_POINT('',(87.947506,-323.461,1.51));
#4608 = CIRCLE('',#4609,0.45);
#4609 = AXIS2_PLACEMENT_3D('',#4610,#4611,#4612);
#4610 = CARTESIAN_POINT('',(87.947506,-323.011,1.51));
#4611 = DIRECTION('',(-0.,0.,-1.));
#4612 = DIRECTION('',(-0.,-1.,0.));
#4613 = FACE_BOUND('',#4614,.T.);
#4614 = EDGE_LOOP('',(#4615));
#4615 = ORIENTED_EDGE('',*,*,#4616,.T.);
#4616 = EDGE_CURVE('',#4617,#4617,#4619,.T.);
#4617 = VERTEX_POINT('',#4618);
#4618 = CARTESIAN_POINT('',(87.947506,-311.061,1.51));
#4619 = CIRCLE('',#4620,0.45);
#4620 = AXIS2_PLACEMENT_3D('',#4621,#4622,#4623);
#4621 = CARTESIAN_POINT('',(87.947506,-310.611,1.51));
#4622 = DIRECTION('',(-0.,0.,-1.));
#4623 = DIRECTION('',(-0.,-1.,0.));
#4624 = FACE_BOUND('',#4625,.T.);
#4625 = EDGE_LOOP('',(#4626));
#4626 = ORIENTED_EDGE('',*,*,#4627,.T.);
#4627 = EDGE_CURVE('',#4628,#4628,#4630,.T.);
#4628 = VERTEX_POINT('',#4629);
#4629 = CARTESIAN_POINT('',(88.167506,-283.031,1.51));
#4630 = CIRCLE('',#4631,0.45);
#4631 = AXIS2_PLACEMENT_3D('',#4632,#4633,#4634);
#4632 = CARTESIAN_POINT('',(88.167506,-282.581,1.51));
#4633 = DIRECTION('',(-0.,0.,-1.));
#4634 = DIRECTION('',(-0.,-1.,0.));
#4635 = FACE_BOUND('',#4636,.T.);
#4636 = EDGE_LOOP('',(#4637));
#4637 = ORIENTED_EDGE('',*,*,#4638,.T.);
#4638 = EDGE_CURVE('',#4639,#4639,#4641,.T.);
#4639 = VERTEX_POINT('',#4640);
#4640 = CARTESIAN_POINT('',(88.167506,-270.631,1.51));
#4641 = CIRCLE('',#4642,0.45);
#4642 = AXIS2_PLACEMENT_3D('',#4643,#4644,#4645);
#4643 = CARTESIAN_POINT('',(88.167506,-270.181,1.51));
#4644 = DIRECTION('',(-0.,0.,-1.));
#4645 = DIRECTION('',(-0.,-1.,0.));
#4646 = FACE_BOUND('',#4647,.T.);
#4647 = EDGE_LOOP('',(#4648));
#4648 = ORIENTED_EDGE('',*,*,#4649,.T.);
#4649 = EDGE_CURVE('',#4650,#4650,#4652,.T.);
#4650 = VERTEX_POINT('',#4651);
#4651 = CARTESIAN_POINT('',(84.080006,-265.901,1.51));
#4652 = CIRCLE('',#4653,0.25);
#4653 = AXIS2_PLACEMENT_3D('',#4654,#4655,#4656);
#4654 = CARTESIAN_POINT('',(84.080006,-265.651,1.51));
#4655 = DIRECTION('',(-0.,0.,-1.));
#4656 = DIRECTION('',(-0.,-1.,0.));
#4657 = FACE_BOUND('',#4658,.T.);
#4658 = EDGE_LOOP('',(#4659));
#4659 = ORIENTED_EDGE('',*,*,#4660,.T.);
#4660 = EDGE_CURVE('',#4661,#4661,#4663,.T.);
#4661 = VERTEX_POINT('',#4662);
#4662 = CARTESIAN_POINT('',(83.685006,-225.326,1.51));
#4663 = CIRCLE('',#4664,0.25);
#4664 = AXIS2_PLACEMENT_3D('',#4665,#4666,#4667);
#4665 = CARTESIAN_POINT('',(83.685006,-225.076,1.51));
#4666 = DIRECTION('',(-0.,0.,-1.));
#4667 = DIRECTION('',(-0.,-1.,0.));
#4668 = FACE_BOUND('',#4669,.T.);
#4669 = EDGE_LOOP('',(#4670));
#4670 = ORIENTED_EDGE('',*,*,#4671,.T.);
#4671 = EDGE_CURVE('',#4672,#4672,#4674,.T.);
#4672 = VERTEX_POINT('',#4673);
#4673 = CARTESIAN_POINT('',(84.935006,-225.326,1.51));
#4674 = CIRCLE('',#4675,0.25);
#4675 = AXIS2_PLACEMENT_3D('',#4676,#4677,#4678);
#4676 = CARTESIAN_POINT('',(84.935006,-225.076,1.51));
#4677 = DIRECTION('',(-0.,0.,-1.));
#4678 = DIRECTION('',(-0.,-1.,0.));
#4679 = FACE_BOUND('',#4680,.T.);
#4680 = EDGE_LOOP('',(#4681));
#4681 = ORIENTED_EDGE('',*,*,#4682,.T.);
#4682 = EDGE_CURVE('',#4683,#4683,#4685,.T.);
#4683 = VERTEX_POINT('',#4684);
#4684 = CARTESIAN_POINT('',(85.330006,-265.901,1.51));
#4685 = CIRCLE('',#4686,0.25);
#4686 = AXIS2_PLACEMENT_3D('',#4687,#4688,#4689);
#4687 = CARTESIAN_POINT('',(85.330006,-265.651,1.51));
#4688 = DIRECTION('',(-0.,0.,-1.));
#4689 = DIRECTION('',(-0.,-1.,0.));
#4690 = FACE_BOUND('',#4691,.T.);
#4691 = EDGE_LOOP('',(#4692));
#4692 = ORIENTED_EDGE('',*,*,#4693,.T.);
#4693 = EDGE_CURVE('',#4694,#4694,#4696,.T.);
#4694 = VERTEX_POINT('',#4695);
#4695 = CARTESIAN_POINT('',(87.867506,-242.281,1.51));
#4696 = CIRCLE('',#4697,0.45);
#4697 = AXIS2_PLACEMENT_3D('',#4698,#4699,#4700);
#4698 = CARTESIAN_POINT('',(87.867506,-241.831,1.51));
#4699 = DIRECTION('',(-0.,0.,-1.));
#4700 = DIRECTION('',(3.157967714489E-14,-1.,-0.));
#4701 = FACE_BOUND('',#4702,.T.);
#4702 = EDGE_LOOP('',(#4703));
#4703 = ORIENTED_EDGE('',*,*,#4704,.T.);
#4704 = EDGE_CURVE('',#4705,#4705,#4707,.T.);
#4705 = VERTEX_POINT('',#4706);
#4706 = CARTESIAN_POINT('',(87.867506,-229.881,1.51));
#4707 = CIRCLE('',#4708,0.45);
#4708 = AXIS2_PLACEMENT_3D('',#4709,#4710,#4711);
#4709 = CARTESIAN_POINT('',(87.867506,-229.431,1.51));
#4710 = DIRECTION('',(-0.,0.,-1.));
#4711 = DIRECTION('',(3.157967714489E-14,-1.,-0.));
#4712 = FACE_BOUND('',#4713,.T.);
#4713 = EDGE_LOOP('',(#4714));
#4714 = ORIENTED_EDGE('',*,*,#4715,.T.);
#4715 = EDGE_CURVE('',#4716,#4716,#4718,.T.);
#4716 = VERTEX_POINT('',#4717);
#4717 = CARTESIAN_POINT('',(87.707506,-201.981,1.51));
#4718 = CIRCLE('',#4719,0.45);
#4719 = AXIS2_PLACEMENT_3D('',#4720,#4721,#4722);
#4720 = CARTESIAN_POINT('',(87.707506,-201.531,1.51));
#4721 = DIRECTION('',(-0.,0.,-1.));
#4722 = DIRECTION('',(-0.,-1.,0.));
#4723 = FACE_BOUND('',#4724,.T.);
#4724 = EDGE_LOOP('',(#4725));
#4725 = ORIENTED_EDGE('',*,*,#4726,.T.);
#4726 = EDGE_CURVE('',#4727,#4727,#4729,.T.);
#4727 = VERTEX_POINT('',#4728);
#4728 = CARTESIAN_POINT('',(75.99,-177.36,1.51));
#4729 = CIRCLE('',#4730,2.75);
#4730 = AXIS2_PLACEMENT_3D('',#4731,#4732,#4733);
#4731 = CARTESIAN_POINT('',(75.99,-174.61,1.51));
#4732 = DIRECTION('',(-0.,0.,-1.));
#4733 = DIRECTION('',(-0.,-1.,0.));
#4734 = FACE_BOUND('',#4735,.T.);
#4735 = EDGE_LOOP('',(#4736));
#4736 = ORIENTED_EDGE('',*,*,#4737,.T.);
#4737 = EDGE_CURVE('',#4738,#4738,#4740,.T.);
#4738 = VERTEX_POINT('',#4739);
#4739 = CARTESIAN_POINT('',(75.99,-157.03,1.51));
#4740 = CIRCLE('',#4741,2.75);
#4741 = AXIS2_PLACEMENT_3D('',#4742,#4743,#4744);
#4742 = CARTESIAN_POINT('',(75.99,-154.28,1.51));
#4743 = DIRECTION('',(-0.,0.,-1.));
#4744 = DIRECTION('',(-0.,-1.,0.));
#4745 = FACE_BOUND('',#4746,.T.);
#4746 = EDGE_LOOP('',(#4747));
#4747 = ORIENTED_EDGE('',*,*,#4748,.T.);
#4748 = EDGE_CURVE('',#4749,#4749,#4751,.T.);
#4749 = VERTEX_POINT('',#4750);
#4750 = CARTESIAN_POINT('',(75.99,-136.7,1.51));
#4751 = CIRCLE('',#4752,2.75);
#4752 = AXIS2_PLACEMENT_3D('',#4753,#4754,#4755);
#4753 = CARTESIAN_POINT('',(75.99,-133.95,1.51));
#4754 = DIRECTION('',(-0.,0.,-1.));
#4755 = DIRECTION('',(-0.,-1.,0.));
#4756 = FACE_BOUND('',#4757,.T.);
#4757 = EDGE_LOOP('',(#4758));
#4758 = ORIENTED_EDGE('',*,*,#4759,.T.);
#4759 = EDGE_CURVE('',#4760,#4760,#4762,.T.);
#4760 = VERTEX_POINT('',#4761);
#4761 = CARTESIAN_POINT('',(75.99,-116.37,1.51));
#4762 = CIRCLE('',#4763,2.75);
#4763 = AXIS2_PLACEMENT_3D('',#4764,#4765,#4766);
#4764 = CARTESIAN_POINT('',(75.99,-113.62,1.51));
#4765 = DIRECTION('',(-0.,0.,-1.));
#4766 = DIRECTION('',(-0.,-1.,0.));
#4767 = FACE_BOUND('',#4768,.T.);
#4768 = EDGE_LOOP('',(#4769));
#4769 = ORIENTED_EDGE('',*,*,#4770,.T.);
#4770 = EDGE_CURVE('',#4771,#4771,#4773,.T.);
#4771 = VERTEX_POINT('',#4772);
#4772 = CARTESIAN_POINT('',(76.27,-96.04,1.51));
#4773 = CIRCLE('',#4774,2.75);
#4774 = AXIS2_PLACEMENT_3D('',#4775,#4776,#4777);
#4775 = CARTESIAN_POINT('',(76.27,-93.29,1.51));
#4776 = DIRECTION('',(-0.,0.,-1.));
#4777 = DIRECTION('',(-0.,-1.,0.));
#4778 = FACE_BOUND('',#4779,.T.);
#4779 = EDGE_LOOP('',(#4780));
#4780 = ORIENTED_EDGE('',*,*,#4781,.T.);
#4781 = EDGE_CURVE('',#4782,#4782,#4784,.T.);
#4782 = VERTEX_POINT('',#4783);
#4783 = CARTESIAN_POINT('',(75.99,-75.71,1.51));
#4784 = CIRCLE('',#4785,2.75);
#4785 = AXIS2_PLACEMENT_3D('',#4786,#4787,#4788);
#4786 = CARTESIAN_POINT('',(75.99,-72.96,1.51));
#4787 = DIRECTION('',(-0.,0.,-1.));
#4788 = DIRECTION('',(-0.,-1.,0.));
#4789 = FACE_BOUND('',#4790,.T.);
#4790 = EDGE_LOOP('',(#4791));
#4791 = ORIENTED_EDGE('',*,*,#4792,.T.);
#4792 = EDGE_CURVE('',#4793,#4793,#4795,.T.);
#4793 = VERTEX_POINT('',#4794);
#4794 = CARTESIAN_POINT('',(75.99,-55.38,1.51));
#4795 = CIRCLE('',#4796,2.75);
#4796 = AXIS2_PLACEMENT_3D('',#4797,#4798,#4799);
#4797 = CARTESIAN_POINT('',(75.99,-52.63,1.51));
#4798 = DIRECTION('',(-0.,0.,-1.));
#4799 = DIRECTION('',(-0.,-1.,0.));
#4800 = FACE_BOUND('',#4801,.T.);
#4801 = EDGE_LOOP('',(#4802));
#4802 = ORIENTED_EDGE('',*,*,#4803,.T.);
#4803 = EDGE_CURVE('',#4804,#4804,#4806,.T.);
#4804 = VERTEX_POINT('',#4805);
#4805 = CARTESIAN_POINT('',(84.130006,-184.721,1.51));
#4806 = CIRCLE('',#4807,0.25);
#4807 = AXIS2_PLACEMENT_3D('',#4808,#4809,#4810);
#4808 = CARTESIAN_POINT('',(84.130006,-184.471,1.51));
#4809 = DIRECTION('',(-0.,0.,-1.));
#4810 = DIRECTION('',(-0.,-1.,0.));
#4811 = FACE_BOUND('',#4812,.T.);
#4812 = EDGE_LOOP('',(#4813));
#4813 = ORIENTED_EDGE('',*,*,#4814,.T.);
#4814 = EDGE_CURVE('',#4815,#4815,#4817,.T.);
#4815 = VERTEX_POINT('',#4816);
#4816 = CARTESIAN_POINT('',(83.920006,-144.091,1.51));
#4817 = CIRCLE('',#4818,0.25);
#4818 = AXIS2_PLACEMENT_3D('',#4819,#4820,#4821);
#4819 = CARTESIAN_POINT('',(83.920006,-143.841,1.51));
#4820 = DIRECTION('',(-0.,0.,-1.));
#4821 = DIRECTION('',(-0.,-1.,0.));
#4822 = FACE_BOUND('',#4823,.T.);
#4823 = EDGE_LOOP('',(#4824));
#4824 = ORIENTED_EDGE('',*,*,#4825,.T.);
#4825 = EDGE_CURVE('',#4826,#4826,#4828,.T.);
#4826 = VERTEX_POINT('',#4827);
#4827 = CARTESIAN_POINT('',(85.380006,-184.721,1.51));
#4828 = CIRCLE('',#4829,0.25);
#4829 = AXIS2_PLACEMENT_3D('',#4830,#4831,#4832);
#4830 = CARTESIAN_POINT('',(85.380006,-184.471,1.51));
#4831 = DIRECTION('',(-0.,0.,-1.));
#4832 = DIRECTION('',(-0.,-1.,0.));
#4833 = FACE_BOUND('',#4834,.T.);
#4834 = EDGE_LOOP('',(#4835));
#4835 = ORIENTED_EDGE('',*,*,#4836,.T.);
#4836 = EDGE_CURVE('',#4837,#4837,#4839,.T.);
#4837 = VERTEX_POINT('',#4838);
#4838 = CARTESIAN_POINT('',(87.707506,-189.581,1.51));
#4839 = CIRCLE('',#4840,0.45);
#4840 = AXIS2_PLACEMENT_3D('',#4841,#4842,#4843);
#4841 = CARTESIAN_POINT('',(87.707506,-189.131,1.51));
#4842 = DIRECTION('',(-0.,0.,-1.));
#4843 = DIRECTION('',(-0.,-1.,0.));
#4844 = FACE_BOUND('',#4845,.T.);
#4845 = EDGE_LOOP('',(#4846));
#4846 = ORIENTED_EDGE('',*,*,#4847,.T.);
#4847 = EDGE_CURVE('',#4848,#4848,#4850,.T.);
#4848 = VERTEX_POINT('',#4849);
#4849 = CARTESIAN_POINT('',(87.857506,-161.101,1.51));
#4850 = CIRCLE('',#4851,0.45);
#4851 = AXIS2_PLACEMENT_3D('',#4852,#4853,#4854);
#4852 = CARTESIAN_POINT('',(87.857506,-160.651,1.51));
#4853 = DIRECTION('',(-0.,0.,-1.));
#4854 = DIRECTION('',(-0.,-1.,0.));
#4855 = FACE_BOUND('',#4856,.T.);
#4856 = EDGE_LOOP('',(#4857));
#4857 = ORIENTED_EDGE('',*,*,#4858,.T.);
#4858 = EDGE_CURVE('',#4859,#4859,#4861,.T.);
#4859 = VERTEX_POINT('',#4860);
#4860 = CARTESIAN_POINT('',(85.170006,-144.091,1.51));
#4861 = CIRCLE('',#4862,0.25);
#4862 = AXIS2_PLACEMENT_3D('',#4863,#4864,#4865);
#4863 = CARTESIAN_POINT('',(85.170006,-143.841,1.51));
#4864 = DIRECTION('',(-0.,0.,-1.));
#4865 = DIRECTION('',(-0.,-1.,0.));
#4866 = FACE_BOUND('',#4867,.T.);
#4867 = EDGE_LOOP('',(#4868));
#4868 = ORIENTED_EDGE('',*,*,#4869,.T.);
#4869 = EDGE_CURVE('',#4870,#4870,#4872,.T.);
#4870 = VERTEX_POINT('',#4871);
#4871 = CARTESIAN_POINT('',(87.857506,-148.701,1.51));
#4872 = CIRCLE('',#4873,0.45);
#4873 = AXIS2_PLACEMENT_3D('',#4874,#4875,#4876);
#4874 = CARTESIAN_POINT('',(87.857506,-148.251,1.51));
#4875 = DIRECTION('',(-0.,0.,-1.));
#4876 = DIRECTION('',(-0.,-1.,0.));
#4877 = FACE_BOUND('',#4878,.T.);
#4878 = EDGE_LOOP('',(#4879));
#4879 = ORIENTED_EDGE('',*,*,#4880,.T.);
#4880 = EDGE_CURVE('',#4881,#4881,#4883,.T.);
#4881 = VERTEX_POINT('',#4882);
#4882 = CARTESIAN_POINT('',(87.947506,-120.571,1.51));
#4883 = CIRCLE('',#4884,0.45);
#4884 = AXIS2_PLACEMENT_3D('',#4885,#4886,#4887);
#4885 = CARTESIAN_POINT('',(87.947506,-120.121,1.51));
#4886 = DIRECTION('',(-0.,0.,-1.));
#4887 = DIRECTION('',(-0.,-1.,0.));
#4888 = FACE_BOUND('',#4889,.T.);
#4889 = EDGE_LOOP('',(#4890));
#4890 = ORIENTED_EDGE('',*,*,#4891,.T.);
#4891 = EDGE_CURVE('',#4892,#4892,#4894,.T.);
#4892 = VERTEX_POINT('',#4893);
#4893 = CARTESIAN_POINT('',(83.730006,-103.391,1.51));
#4894 = CIRCLE('',#4895,0.25);
#4895 = AXIS2_PLACEMENT_3D('',#4896,#4897,#4898);
#4896 = CARTESIAN_POINT('',(83.730006,-103.141,1.51));
#4897 = DIRECTION('',(-0.,0.,-1.));
#4898 = DIRECTION('',(-0.,-1.,0.));
#4899 = FACE_BOUND('',#4900,.T.);
#4900 = EDGE_LOOP('',(#4901));
#4901 = ORIENTED_EDGE('',*,*,#4902,.T.);
#4902 = EDGE_CURVE('',#4903,#4903,#4905,.T.);
#4903 = VERTEX_POINT('',#4904);
#4904 = CARTESIAN_POINT('',(83.810006,-83.241,1.51));
#4905 = CIRCLE('',#4906,0.25);
#4906 = AXIS2_PLACEMENT_3D('',#4907,#4908,#4909);
#4907 = CARTESIAN_POINT('',(83.810006,-82.991,1.51));
#4908 = DIRECTION('',(-0.,0.,-1.));
#4909 = DIRECTION('',(-0.,-1.,0.));
#4910 = FACE_BOUND('',#4911,.T.);
#4911 = EDGE_LOOP('',(#4912));
#4912 = ORIENTED_EDGE('',*,*,#4913,.T.);
#4913 = EDGE_CURVE('',#4914,#4914,#4916,.T.);
#4914 = VERTEX_POINT('',#4915);
#4915 = CARTESIAN_POINT('',(84.300006,-62.821,1.51));
#4916 = CIRCLE('',#4917,0.25);
#4917 = AXIS2_PLACEMENT_3D('',#4918,#4919,#4920);
#4918 = CARTESIAN_POINT('',(84.300006,-62.571,1.51));
#4919 = DIRECTION('',(-0.,0.,-1.));
#4920 = DIRECTION('',(-0.,-1.,0.));
#4921 = FACE_BOUND('',#4922,.T.);
#4922 = EDGE_LOOP('',(#4923));
#4923 = ORIENTED_EDGE('',*,*,#4924,.T.);
#4924 = EDGE_CURVE('',#4925,#4925,#4927,.T.);
#4925 = VERTEX_POINT('',#4926);
#4926 = CARTESIAN_POINT('',(84.980006,-103.391,1.51));
#4927 = CIRCLE('',#4928,0.25);
#4928 = AXIS2_PLACEMENT_3D('',#4929,#4930,#4931);
#4929 = CARTESIAN_POINT('',(84.980006,-103.141,1.51));
#4930 = DIRECTION('',(-0.,0.,-1.));
#4931 = DIRECTION('',(-0.,-1.,0.));
#4932 = FACE_BOUND('',#4933,.T.);
#4933 = EDGE_LOOP('',(#4934));
#4934 = ORIENTED_EDGE('',*,*,#4935,.T.);
#4935 = EDGE_CURVE('',#4936,#4936,#4938,.T.);
#4936 = VERTEX_POINT('',#4937);
#4937 = CARTESIAN_POINT('',(85.060006,-83.241,1.51));
#4938 = CIRCLE('',#4939,0.25);
#4939 = AXIS2_PLACEMENT_3D('',#4940,#4941,#4942);
#4940 = CARTESIAN_POINT('',(85.060006,-82.991,1.51));
#4941 = DIRECTION('',(-0.,0.,-1.));
#4942 = DIRECTION('',(-0.,-1.,0.));
#4943 = FACE_BOUND('',#4944,.T.);
#4944 = EDGE_LOOP('',(#4945));
#4945 = ORIENTED_EDGE('',*,*,#4946,.T.);
#4946 = EDGE_CURVE('',#4947,#4947,#4949,.T.);
#4947 = VERTEX_POINT('',#4948);
#4948 = CARTESIAN_POINT('',(87.947506,-108.171,1.51));
#4949 = CIRCLE('',#4950,0.45);
#4950 = AXIS2_PLACEMENT_3D('',#4951,#4952,#4953);
#4951 = CARTESIAN_POINT('',(87.947506,-107.721,1.51));
#4952 = DIRECTION('',(-0.,0.,-1.));
#4953 = DIRECTION('',(-0.,-1.,0.));
#4954 = FACE_BOUND('',#4955,.T.);
#4955 = EDGE_LOOP('',(#4956));
#4956 = ORIENTED_EDGE('',*,*,#4957,.T.);
#4957 = EDGE_CURVE('',#4958,#4958,#4960,.T.);
#4958 = VERTEX_POINT('',#4959);
#4959 = CARTESIAN_POINT('',(85.550006,-62.821,1.51));
#4960 = CIRCLE('',#4961,0.25);
#4961 = AXIS2_PLACEMENT_3D('',#4962,#4963,#4964);
#4962 = CARTESIAN_POINT('',(85.550006,-62.571,1.51));
#4963 = DIRECTION('',(-0.,0.,-1.));
#4964 = DIRECTION('',(-0.,-1.,0.));
#4965 = FACE_BOUND('',#4966,.T.);
#4966 = EDGE_LOOP('',(#4967));
#4967 = ORIENTED_EDGE('',*,*,#4968,.T.);
#4968 = EDGE_CURVE('',#4969,#4969,#4971,.T.);
#4969 = VERTEX_POINT('',#4970);
#4970 = CARTESIAN_POINT('',(88.132506,-79.941,1.51));
#4971 = CIRCLE('',#4972,0.45);
#4972 = AXIS2_PLACEMENT_3D('',#4973,#4974,#4975);
#4973 = CARTESIAN_POINT('',(88.132506,-79.491,1.51));
#4974 = DIRECTION('',(-0.,0.,-1.));
#4975 = DIRECTION('',(-0.,-1.,0.));
#4976 = FACE_BOUND('',#4977,.T.);
#4977 = EDGE_LOOP('',(#4978));
#4978 = ORIENTED_EDGE('',*,*,#4979,.T.);
#4979 = EDGE_CURVE('',#4980,#4980,#4982,.T.);
#4980 = VERTEX_POINT('',#4981);
#4981 = CARTESIAN_POINT('',(88.132506,-67.541,1.51));
#4982 = CIRCLE('',#4983,0.45);
#4983 = AXIS2_PLACEMENT_3D('',#4984,#4985,#4986);
#4984 = CARTESIAN_POINT('',(88.132506,-67.091,1.51));
#4985 = DIRECTION('',(-0.,0.,-1.));
#4986 = DIRECTION('',(-0.,-1.,0.));
#4987 = FACE_BOUND('',#4988,.T.);
#4988 = EDGE_LOOP('',(#4989));
#4989 = ORIENTED_EDGE('',*,*,#4990,.T.);
#4990 = EDGE_CURVE('',#4991,#4991,#4993,.T.);
#4991 = VERTEX_POINT('',#4992);
#4992 = CARTESIAN_POINT('',(88.410006,-59.461,1.51));
#4993 = CIRCLE('',#4994,0.45);
#4994 = AXIS2_PLACEMENT_3D('',#4995,#4996,#4997);
#4995 = CARTESIAN_POINT('',(88.410006,-59.011,1.51));
#4996 = DIRECTION('',(-0.,0.,-1.));
#4997 = DIRECTION('',(-3.157967714489E-14,-1.,0.));
#4998 = FACE_BOUND('',#4999,.T.);
#4999 = EDGE_LOOP('',(#5000));
#5000 = ORIENTED_EDGE('',*,*,#5001,.T.);
#5001 = EDGE_CURVE('',#5002,#5002,#5004,.T.);
#5002 = VERTEX_POINT('',#5003);
#5003 = CARTESIAN_POINT('',(88.410006,-47.061,1.51));
#5004 = CIRCLE('',#5005,0.45);
#5005 = AXIS2_PLACEMENT_3D('',#5006,#5007,#5008);
#5006 = CARTESIAN_POINT('',(88.410006,-46.611,1.51));
#5007 = DIRECTION('',(-0.,0.,-1.));
#5008 = DIRECTION('',(-3.157967714489E-14,-1.,0.));
#5009 = PLANE('',#5010);
#5010 = AXIS2_PLACEMENT_3D('',#5011,#5012,#5013);
#5011 = CARTESIAN_POINT('',(0.,0.,1.51));
#5012 = DIRECTION('',(0.,0.,1.));
#5013 = DIRECTION('',(1.,0.,-0.));
#5014 = ADVANCED_FACE('',(#5015),#5026,.T.);
#5015 = FACE_BOUND('',#5016,.T.);
#5016 = EDGE_LOOP('',(#5017,#5023,#5024,#5025));
#5017 = ORIENTED_EDGE('',*,*,#5018,.T.);
#5018 = EDGE_CURVE('',#3883,#4452,#5019,.T.);
#5019 = LINE('',#5020,#5021);
#5020 = CARTESIAN_POINT('',(63.990006,-47.482,0.));
#5021 = VECTOR('',#5022,1.);
#5022 = DIRECTION('',(0.,0.,1.));
#5023 = ORIENTED_EDGE('',*,*,#4451,.T.);
#5024 = ORIENTED_EDGE('',*,*,#3818,.F.);
#5025 = ORIENTED_EDGE('',*,*,#3882,.F.);
#5026 = CYLINDRICAL_SURFACE('',#5027,4.999999678834);
#5027 = AXIS2_PLACEMENT_3D('',#5028,#5029,#5030);
#5028 = CARTESIAN_POINT('',(68.990005678834,-47.48199967883,0.));
#5029 = DIRECTION('',(0.,0.,-1.));
#5030 = DIRECTION('',(-1.,-6.423314417722E-08,-0.));
#5031 = ADVANCED_FACE('',(#5032),#5043,.T.);
#5032 = FACE_BOUND('',#5033,.T.);
#5033 = EDGE_LOOP('',(#5034,#5035,#5036,#5042));
#5034 = ORIENTED_EDGE('',*,*,#3858,.T.);
#5035 = ORIENTED_EDGE('',*,*,#4485,.T.);
#5036 = ORIENTED_EDGE('',*,*,#5037,.F.);
#5037 = EDGE_CURVE('',#3909,#4478,#5038,.T.);
#5038 = LINE('',#5039,#5040);
#5039 = CARTESIAN_POINT('',(88.99,-347.401,0.));
#5040 = VECTOR('',#5041,1.);
#5041 = DIRECTION('',(0.,0.,1.));
#5042 = ORIENTED_EDGE('',*,*,#3916,.F.);
#5043 = CYLINDRICAL_SURFACE('',#5044,4.999999678834);
#5044 = AXIS2_PLACEMENT_3D('',#5045,#5046,#5047);
#5045 = CARTESIAN_POINT('',(88.990000321166,-342.4010003211,0.));
#5046 = DIRECTION('',(0.,0.,-1.));
#5047 = DIRECTION('',(1.,6.423313565071E-08,0.));
#5048 = ADVANCED_FACE('',(#5049),#5060,.T.);
#5049 = FACE_BOUND('',#5050,.T.);
#5050 = EDGE_LOOP('',(#5051,#5057,#5058,#5059));
#5051 = ORIENTED_EDGE('',*,*,#5052,.T.);
#5052 = EDGE_CURVE('',#3892,#4461,#5053,.T.);
#5053 = LINE('',#5054,#5055);
#5054 = CARTESIAN_POINT('',(63.990006,-342.401,0.));
#5055 = VECTOR('',#5056,1.);
#5056 = DIRECTION('',(0.,0.,1.));
#5057 = ORIENTED_EDGE('',*,*,#4460,.T.);
#5058 = ORIENTED_EDGE('',*,*,#5018,.F.);
#5059 = ORIENTED_EDGE('',*,*,#3891,.F.);
#5060 = PLANE('',#5061);
#5061 = AXIS2_PLACEMENT_3D('',#5062,#5063,#5064);
#5062 = CARTESIAN_POINT('',(63.990006,-342.401,0.));
#5063 = DIRECTION('',(-1.,0.,0.));
#5064 = DIRECTION('',(0.,1.,0.));
#5065 = ADVANCED_FACE('',(#5066),#5077,.T.);
#5066 = FACE_BOUND('',#5067,.T.);
#5067 = EDGE_LOOP('',(#5068,#5069,#5070,#5076));
#5068 = ORIENTED_EDGE('',*,*,#5037,.T.);
#5069 = ORIENTED_EDGE('',*,*,#4477,.T.);
#5070 = ORIENTED_EDGE('',*,*,#5071,.F.);
#5071 = EDGE_CURVE('',#3900,#4469,#5072,.T.);
#5072 = LINE('',#5073,#5074);
#5073 = CARTESIAN_POINT('',(68.990006,-347.401,0.));
#5074 = VECTOR('',#5075,1.);
#5075 = DIRECTION('',(0.,0.,1.));
#5076 = ORIENTED_EDGE('',*,*,#3908,.F.);
#5077 = PLANE('',#5078);
#5078 = AXIS2_PLACEMENT_3D('',#5079,#5080,#5081);
#5079 = CARTESIAN_POINT('',(88.99,-347.401,0.));
#5080 = DIRECTION('',(0.,-1.,0.));
#5081 = DIRECTION('',(-1.,0.,0.));
#5082 = ADVANCED_FACE('',(#5083),#5089,.T.);
#5083 = FACE_BOUND('',#5084,.T.);
#5084 = EDGE_LOOP('',(#5085,#5086,#5087,#5088));
#5085 = ORIENTED_EDGE('',*,*,#5071,.T.);
#5086 = ORIENTED_EDGE('',*,*,#4468,.T.);
#5087 = ORIENTED_EDGE('',*,*,#5052,.F.);
#5088 = ORIENTED_EDGE('',*,*,#3899,.F.);
#5089 = CYLINDRICAL_SURFACE('',#5090,4.999999678834);
#5090 = AXIS2_PLACEMENT_3D('',#5091,#5092,#5093);
#5091 = CARTESIAN_POINT('',(68.990005678834,-342.4010003211,0.));
#5092 = DIRECTION('',(0.,0.,-1.));
#5093 = DIRECTION('',(6.423313565071E-08,-1.,0.));
#5094 = ADVANCED_FACE('',(#5095),#5106,.F.);
#5095 = FACE_BOUND('',#5096,.T.);
#5096 = EDGE_LOOP('',(#5097,#5098,#5104,#5105));
#5097 = ORIENTED_EDGE('',*,*,#3926,.T.);
#5098 = ORIENTED_EDGE('',*,*,#5099,.T.);
#5099 = EDGE_CURVE('',#3927,#4496,#5100,.T.);
#5100 = LINE('',#5101,#5102);
#5101 = CARTESIAN_POINT('',(75.99,-340.,-4.6E-02));
#5102 = VECTOR('',#5103,1.);
#5103 = DIRECTION('',(0.,0.,1.));
#5104 = ORIENTED_EDGE('',*,*,#4495,.F.);
#5105 = ORIENTED_EDGE('',*,*,#5099,.F.);
#5106 = CYLINDRICAL_SURFACE('',#5107,2.75);
#5107 = AXIS2_PLACEMENT_3D('',#5108,#5109,#5110);
#5108 = CARTESIAN_POINT('',(75.99,-337.25,-4.6E-02));
#5109 = DIRECTION('',(-0.,-0.,-1.));
#5110 = DIRECTION('',(-0.,-1.,0.));
#5111 = ADVANCED_FACE('',(#5112),#5123,.F.);
#5112 = FACE_BOUND('',#5113,.T.);
#5113 = EDGE_LOOP('',(#5114,#5115,#5121,#5122));
#5114 = ORIENTED_EDGE('',*,*,#3937,.T.);
#5115 = ORIENTED_EDGE('',*,*,#5116,.T.);
#5116 = EDGE_CURVE('',#3938,#4507,#5117,.T.);
#5117 = LINE('',#5118,#5119);
#5118 = CARTESIAN_POINT('',(75.99,-319.67,-4.6E-02));
#5119 = VECTOR('',#5120,1.);
#5120 = DIRECTION('',(0.,0.,1.));
#5121 = ORIENTED_EDGE('',*,*,#4506,.F.);
#5122 = ORIENTED_EDGE('',*,*,#5116,.F.);
#5123 = CYLINDRICAL_SURFACE('',#5124,2.75);
#5124 = AXIS2_PLACEMENT_3D('',#5125,#5126,#5127);
#5125 = CARTESIAN_POINT('',(75.99,-316.92,-4.6E-02));
#5126 = DIRECTION('',(-0.,-0.,-1.));
#5127 = DIRECTION('',(-0.,-1.,0.));
#5128 = ADVANCED_FACE('',(#5129),#5140,.F.);
#5129 = FACE_BOUND('',#5130,.T.);
#5130 = EDGE_LOOP('',(#5131,#5132,#5138,#5139));
#5131 = ORIENTED_EDGE('',*,*,#3948,.T.);
#5132 = ORIENTED_EDGE('',*,*,#5133,.T.);
#5133 = EDGE_CURVE('',#3949,#4518,#5134,.T.);
#5134 = LINE('',#5135,#5136);
#5135 = CARTESIAN_POINT('',(75.99,-299.34,-4.6E-02));
#5136 = VECTOR('',#5137,1.);
#5137 = DIRECTION('',(0.,0.,1.));
#5138 = ORIENTED_EDGE('',*,*,#4517,.F.);
#5139 = ORIENTED_EDGE('',*,*,#5133,.F.);
#5140 = CYLINDRICAL_SURFACE('',#5141,2.75);
#5141 = AXIS2_PLACEMENT_3D('',#5142,#5143,#5144);
#5142 = CARTESIAN_POINT('',(75.99,-296.59,-4.6E-02));
#5143 = DIRECTION('',(-0.,-0.,-1.));
#5144 = DIRECTION('',(-0.,-1.,0.));
#5145 = ADVANCED_FACE('',(#5146),#5157,.F.);
#5146 = FACE_BOUND('',#5147,.T.);
#5147 = EDGE_LOOP('',(#5148,#5149,#5155,#5156));
#5148 = ORIENTED_EDGE('',*,*,#3959,.T.);
#5149 = ORIENTED_EDGE('',*,*,#5150,.T.);
#5150 = EDGE_CURVE('',#3960,#4529,#5151,.T.);
#5151 = LINE('',#5152,#5153);
#5152 = CARTESIAN_POINT('',(75.99,-279.01,-4.6E-02));
#5153 = VECTOR('',#5154,1.);
#5154 = DIRECTION('',(0.,0.,1.));
#5155 = ORIENTED_EDGE('',*,*,#4528,.F.);
#5156 = ORIENTED_EDGE('',*,*,#5150,.F.);
#5157 = CYLINDRICAL_SURFACE('',#5158,2.75);
#5158 = AXIS2_PLACEMENT_3D('',#5159,#5160,#5161);
#5159 = CARTESIAN_POINT('',(75.99,-276.26,-4.6E-02));
#5160 = DIRECTION('',(-0.,-0.,-1.));
#5161 = DIRECTION('',(-0.,-1.,0.));
#5162 = ADVANCED_FACE('',(#5163),#5174,.F.);
#5163 = FACE_BOUND('',#5164,.T.);
#5164 = EDGE_LOOP('',(#5165,#5166,#5172,#5173));
#5165 = ORIENTED_EDGE('',*,*,#3970,.T.);
#5166 = ORIENTED_EDGE('',*,*,#5167,.T.);
#5167 = EDGE_CURVE('',#3971,#4540,#5168,.T.);
#5168 = LINE('',#5169,#5170);
#5169 = CARTESIAN_POINT('',(76.27,-258.68,-4.6E-02));
#5170 = VECTOR('',#5171,1.);
#5171 = DIRECTION('',(0.,0.,1.));
#5172 = ORIENTED_EDGE('',*,*,#4539,.F.);
#5173 = ORIENTED_EDGE('',*,*,#5167,.F.);
#5174 = CYLINDRICAL_SURFACE('',#5175,2.75);
#5175 = AXIS2_PLACEMENT_3D('',#5176,#5177,#5178);
#5176 = CARTESIAN_POINT('',(76.27,-255.93,-4.6E-02));
#5177 = DIRECTION('',(-0.,-0.,-1.));
#5178 = DIRECTION('',(-0.,-1.,0.));
#5179 = ADVANCED_FACE('',(#5180),#5191,.F.);
#5180 = FACE_BOUND('',#5181,.T.);
#5181 = EDGE_LOOP('',(#5182,#5183,#5189,#5190));
#5182 = ORIENTED_EDGE('',*,*,#3981,.T.);
#5183 = ORIENTED_EDGE('',*,*,#5184,.T.);
#5184 = EDGE_CURVE('',#3982,#4551,#5185,.T.);
#5185 = LINE('',#5186,#5187);
#5186 = CARTESIAN_POINT('',(75.99,-238.35,-4.6E-02));
#5187 = VECTOR('',#5188,1.);
#5188 = DIRECTION('',(0.,0.,1.));
#5189 = ORIENTED_EDGE('',*,*,#4550,.F.);
#5190 = ORIENTED_EDGE('',*,*,#5184,.F.);
#5191 = CYLINDRICAL_SURFACE('',#5192,2.75);
#5192 = AXIS2_PLACEMENT_3D('',#5193,#5194,#5195);
#5193 = CARTESIAN_POINT('',(75.99,-235.6,-4.6E-02));
#5194 = DIRECTION('',(-0.,-0.,-1.));
#5195 = DIRECTION('',(-0.,-1.,0.));
#5196 = ADVANCED_FACE('',(#5197),#5208,.F.);
#5197 = FACE_BOUND('',#5198,.T.);
#5198 = EDGE_LOOP('',(#5199,#5200,#5206,#5207));
#5199 = ORIENTED_EDGE('',*,*,#3992,.T.);
#5200 = ORIENTED_EDGE('',*,*,#5201,.T.);
#5201 = EDGE_CURVE('',#3993,#4562,#5202,.T.);
#5202 = LINE('',#5203,#5204);
#5203 = CARTESIAN_POINT('',(76.27,-218.02,-4.6E-02));
#5204 = VECTOR('',#5205,1.);
#5205 = DIRECTION('',(0.,0.,1.));
#5206 = ORIENTED_EDGE('',*,*,#4561,.F.);
#5207 = ORIENTED_EDGE('',*,*,#5201,.F.);
#5208 = CYLINDRICAL_SURFACE('',#5209,2.75);
#5209 = AXIS2_PLACEMENT_3D('',#5210,#5211,#5212);
#5210 = CARTESIAN_POINT('',(76.27,-215.27,-4.6E-02));
#5211 = DIRECTION('',(-0.,-0.,-1.));
#5212 = DIRECTION('',(-0.,-1.,0.));
#5213 = ADVANCED_FACE('',(#5214),#5225,.F.);
#5214 = FACE_BOUND('',#5215,.T.);
#5215 = EDGE_LOOP('',(#5216,#5217,#5223,#5224));
#5216 = ORIENTED_EDGE('',*,*,#4003,.T.);
#5217 = ORIENTED_EDGE('',*,*,#5218,.T.);
#5218 = EDGE_CURVE('',#4004,#4573,#5219,.T.);
#5219 = LINE('',#5220,#5221);
#5220 = CARTESIAN_POINT('',(75.99,-197.69,-4.6E-02));
#5221 = VECTOR('',#5222,1.);
#5222 = DIRECTION('',(0.,0.,1.));
#5223 = ORIENTED_EDGE('',*,*,#4572,.F.);
#5224 = ORIENTED_EDGE('',*,*,#5218,.F.);
#5225 = CYLINDRICAL_SURFACE('',#5226,2.75);
#5226 = AXIS2_PLACEMENT_3D('',#5227,#5228,#5229);
#5227 = CARTESIAN_POINT('',(75.99,-194.94,-4.6E-02));
#5228 = DIRECTION('',(-0.,-0.,-1.));
#5229 = DIRECTION('',(-0.,-1.,0.));
#5230 = ADVANCED_FACE('',(#5231),#5242,.F.);
#5231 = FACE_BOUND('',#5232,.T.);
#5232 = EDGE_LOOP('',(#5233,#5234,#5240,#5241));
#5233 = ORIENTED_EDGE('',*,*,#4014,.T.);
#5234 = ORIENTED_EDGE('',*,*,#5235,.T.);
#5235 = EDGE_CURVE('',#4015,#4584,#5236,.T.);
#5236 = LINE('',#5237,#5238);
#5237 = CARTESIAN_POINT('',(84.320006,-306.491,-4.6E-02));
#5238 = VECTOR('',#5239,1.);
#5239 = DIRECTION('',(0.,0.,1.));
#5240 = ORIENTED_EDGE('',*,*,#4583,.F.);
#5241 = ORIENTED_EDGE('',*,*,#5235,.F.);
#5242 = CYLINDRICAL_SURFACE('',#5243,0.25);
#5243 = AXIS2_PLACEMENT_3D('',#5244,#5245,#5246);
#5244 = CARTESIAN_POINT('',(84.320006,-306.241,-4.6E-02));
#5245 = DIRECTION('',(-0.,-0.,-1.));
#5246 = DIRECTION('',(-0.,-1.,0.));
#5247 = ADVANCED_FACE('',(#5248),#5259,.F.);
#5248 = FACE_BOUND('',#5249,.T.);
#5249 = EDGE_LOOP('',(#5250,#5251,#5257,#5258));
#5250 = ORIENTED_EDGE('',*,*,#4025,.T.);
#5251 = ORIENTED_EDGE('',*,*,#5252,.T.);
#5252 = EDGE_CURVE('',#4026,#4595,#5253,.T.);
#5253 = LINE('',#5254,#5255);
#5254 = CARTESIAN_POINT('',(85.570006,-306.491,-4.6E-02));
#5255 = VECTOR('',#5256,1.);
#5256 = DIRECTION('',(0.,0.,1.));
#5257 = ORIENTED_EDGE('',*,*,#4594,.F.);
#5258 = ORIENTED_EDGE('',*,*,#5252,.F.);
#5259 = CYLINDRICAL_SURFACE('',#5260,0.25);
#5260 = AXIS2_PLACEMENT_3D('',#5261,#5262,#5263);
#5261 = CARTESIAN_POINT('',(85.570006,-306.241,-4.6E-02));
#5262 = DIRECTION('',(-0.,-0.,-1.));
#5263 = DIRECTION('',(-0.,-1.,0.));
#5264 = ADVANCED_FACE('',(#5265),#5276,.F.);
#5265 = FACE_BOUND('',#5266,.T.);
#5266 = EDGE_LOOP('',(#5267,#5268,#5274,#5275));
#5267 = ORIENTED_EDGE('',*,*,#4036,.T.);
#5268 = ORIENTED_EDGE('',*,*,#5269,.T.);
#5269 = EDGE_CURVE('',#4037,#4606,#5270,.T.);
#5270 = LINE('',#5271,#5272);
#5271 = CARTESIAN_POINT('',(87.947506,-323.461,-4.6E-02));
#5272 = VECTOR('',#5273,1.);
#5273 = DIRECTION('',(0.,0.,1.));
#5274 = ORIENTED_EDGE('',*,*,#4605,.F.);
#5275 = ORIENTED_EDGE('',*,*,#5269,.F.);
#5276 = CYLINDRICAL_SURFACE('',#5277,0.45);
#5277 = AXIS2_PLACEMENT_3D('',#5278,#5279,#5280);
#5278 = CARTESIAN_POINT('',(87.947506,-323.011,-4.6E-02));
#5279 = DIRECTION('',(-0.,-0.,-1.));
#5280 = DIRECTION('',(-0.,-1.,0.));
#5281 = ADVANCED_FACE('',(#5282),#5293,.F.);
#5282 = FACE_BOUND('',#5283,.T.);
#5283 = EDGE_LOOP('',(#5284,#5285,#5291,#5292));
#5284 = ORIENTED_EDGE('',*,*,#4047,.T.);
#5285 = ORIENTED_EDGE('',*,*,#5286,.T.);
#5286 = EDGE_CURVE('',#4048,#4617,#5287,.T.);
#5287 = LINE('',#5288,#5289);
#5288 = CARTESIAN_POINT('',(87.947506,-311.061,-4.6E-02));
#5289 = VECTOR('',#5290,1.);
#5290 = DIRECTION('',(0.,0.,1.));
#5291 = ORIENTED_EDGE('',*,*,#4616,.F.);
#5292 = ORIENTED_EDGE('',*,*,#5286,.F.);
#5293 = CYLINDRICAL_SURFACE('',#5294,0.45);
#5294 = AXIS2_PLACEMENT_3D('',#5295,#5296,#5297);
#5295 = CARTESIAN_POINT('',(87.947506,-310.611,-4.6E-02));
#5296 = DIRECTION('',(-0.,-0.,-1.));
#5297 = DIRECTION('',(-0.,-1.,0.));
#5298 = ADVANCED_FACE('',(#5299),#5310,.F.);
#5299 = FACE_BOUND('',#5300,.T.);
#5300 = EDGE_LOOP('',(#5301,#5302,#5308,#5309));
#5301 = ORIENTED_EDGE('',*,*,#4058,.T.);
#5302 = ORIENTED_EDGE('',*,*,#5303,.T.);
#5303 = EDGE_CURVE('',#4059,#4628,#5304,.T.);
#5304 = LINE('',#5305,#5306);
#5305 = CARTESIAN_POINT('',(88.167506,-283.031,-4.6E-02));
#5306 = VECTOR('',#5307,1.);
#5307 = DIRECTION('',(0.,0.,1.));
#5308 = ORIENTED_EDGE('',*,*,#4627,.F.);
#5309 = ORIENTED_EDGE('',*,*,#5303,.F.);
#5310 = CYLINDRICAL_SURFACE('',#5311,0.45);
#5311 = AXIS2_PLACEMENT_3D('',#5312,#5313,#5314);
#5312 = CARTESIAN_POINT('',(88.167506,-282.581,-4.6E-02));
#5313 = DIRECTION('',(-0.,-0.,-1.));
#5314 = DIRECTION('',(-0.,-1.,0.));
#5315 = ADVANCED_FACE('',(#5316),#5327,.F.);
#5316 = FACE_BOUND('',#5317,.T.);
#5317 = EDGE_LOOP('',(#5318,#5319,#5325,#5326));
#5318 = ORIENTED_EDGE('',*,*,#4069,.T.);
#5319 = ORIENTED_EDGE('',*,*,#5320,.T.);
#5320 = EDGE_CURVE('',#4070,#4639,#5321,.T.);
#5321 = LINE('',#5322,#5323);
#5322 = CARTESIAN_POINT('',(88.167506,-270.631,-4.6E-02));
#5323 = VECTOR('',#5324,1.);
#5324 = DIRECTION('',(0.,0.,1.));
#5325 = ORIENTED_EDGE('',*,*,#4638,.F.);
#5326 = ORIENTED_EDGE('',*,*,#5320,.F.);
#5327 = CYLINDRICAL_SURFACE('',#5328,0.45);
#5328 = AXIS2_PLACEMENT_3D('',#5329,#5330,#5331);
#5329 = CARTESIAN_POINT('',(88.167506,-270.181,-4.6E-02));
#5330 = DIRECTION('',(-0.,-0.,-1.));
#5331 = DIRECTION('',(-0.,-1.,0.));
#5332 = ADVANCED_FACE('',(#5333),#5344,.F.);
#5333 = FACE_BOUND('',#5334,.T.);
#5334 = EDGE_LOOP('',(#5335,#5336,#5342,#5343));
#5335 = ORIENTED_EDGE('',*,*,#4080,.T.);
#5336 = ORIENTED_EDGE('',*,*,#5337,.T.);
#5337 = EDGE_CURVE('',#4081,#4650,#5338,.T.);
#5338 = LINE('',#5339,#5340);
#5339 = CARTESIAN_POINT('',(84.080006,-265.901,-4.6E-02));
#5340 = VECTOR('',#5341,1.);
#5341 = DIRECTION('',(0.,0.,1.));
#5342 = ORIENTED_EDGE('',*,*,#4649,.F.);
#5343 = ORIENTED_EDGE('',*,*,#5337,.F.);
#5344 = CYLINDRICAL_SURFACE('',#5345,0.25);
#5345 = AXIS2_PLACEMENT_3D('',#5346,#5347,#5348);
#5346 = CARTESIAN_POINT('',(84.080006,-265.651,-4.6E-02));
#5347 = DIRECTION('',(-0.,-0.,-1.));
#5348 = DIRECTION('',(-0.,-1.,0.));
#5349 = ADVANCED_FACE('',(#5350),#5361,.F.);
#5350 = FACE_BOUND('',#5351,.T.);
#5351 = EDGE_LOOP('',(#5352,#5353,#5359,#5360));
#5352 = ORIENTED_EDGE('',*,*,#4091,.T.);
#5353 = ORIENTED_EDGE('',*,*,#5354,.T.);
#5354 = EDGE_CURVE('',#4092,#4661,#5355,.T.);
#5355 = LINE('',#5356,#5357);
#5356 = CARTESIAN_POINT('',(83.685006,-225.326,-4.6E-02));
#5357 = VECTOR('',#5358,1.);
#5358 = DIRECTION('',(0.,0.,1.));
#5359 = ORIENTED_EDGE('',*,*,#4660,.F.);
#5360 = ORIENTED_EDGE('',*,*,#5354,.F.);
#5361 = CYLINDRICAL_SURFACE('',#5362,0.25);
#5362 = AXIS2_PLACEMENT_3D('',#5363,#5364,#5365);
#5363 = CARTESIAN_POINT('',(83.685006,-225.076,-4.6E-02));
#5364 = DIRECTION('',(-0.,-0.,-1.));
#5365 = DIRECTION('',(-0.,-1.,0.));
#5366 = ADVANCED_FACE('',(#5367),#5378,.F.);
#5367 = FACE_BOUND('',#5368,.T.);
#5368 = EDGE_LOOP('',(#5369,#5370,#5376,#5377));
#5369 = ORIENTED_EDGE('',*,*,#4102,.T.);
#5370 = ORIENTED_EDGE('',*,*,#5371,.T.);
#5371 = EDGE_CURVE('',#4103,#4672,#5372,.T.);
#5372 = LINE('',#5373,#5374);
#5373 = CARTESIAN_POINT('',(84.935006,-225.326,-4.6E-02));
#5374 = VECTOR('',#5375,1.);
#5375 = DIRECTION('',(0.,0.,1.));
#5376 = ORIENTED_EDGE('',*,*,#4671,.F.);
#5377 = ORIENTED_EDGE('',*,*,#5371,.F.);
#5378 = CYLINDRICAL_SURFACE('',#5379,0.25);
#5379 = AXIS2_PLACEMENT_3D('',#5380,#5381,#5382);
#5380 = CARTESIAN_POINT('',(84.935006,-225.076,-4.6E-02));
#5381 = DIRECTION('',(-0.,-0.,-1.));
#5382 = DIRECTION('',(-0.,-1.,0.));
#5383 = ADVANCED_FACE('',(#5384),#5395,.F.);
#5384 = FACE_BOUND('',#5385,.T.);
#5385 = EDGE_LOOP('',(#5386,#5387,#5393,#5394));
#5386 = ORIENTED_EDGE('',*,*,#4113,.T.);
#5387 = ORIENTED_EDGE('',*,*,#5388,.T.);
#5388 = EDGE_CURVE('',#4114,#4683,#5389,.T.);
#5389 = LINE('',#5390,#5391);
#5390 = CARTESIAN_POINT('',(85.330006,-265.901,-4.6E-02));
#5391 = VECTOR('',#5392,1.);
#5392 = DIRECTION('',(0.,0.,1.));
#5393 = ORIENTED_EDGE('',*,*,#4682,.F.);
#5394 = ORIENTED_EDGE('',*,*,#5388,.F.);
#5395 = CYLINDRICAL_SURFACE('',#5396,0.25);
#5396 = AXIS2_PLACEMENT_3D('',#5397,#5398,#5399);
#5397 = CARTESIAN_POINT('',(85.330006,-265.651,-4.6E-02));
#5398 = DIRECTION('',(-0.,-0.,-1.));
#5399 = DIRECTION('',(-0.,-1.,0.));
#5400 = ADVANCED_FACE('',(#5401),#5412,.F.);
#5401 = FACE_BOUND('',#5402,.T.);
#5402 = EDGE_LOOP('',(#5403,#5404,#5410,#5411));
#5403 = ORIENTED_EDGE('',*,*,#4124,.T.);
#5404 = ORIENTED_EDGE('',*,*,#5405,.T.);
#5405 = EDGE_CURVE('',#4125,#4694,#5406,.T.);
#5406 = LINE('',#5407,#5408);
#5407 = CARTESIAN_POINT('',(87.867506,-242.281,-4.6E-02));
#5408 = VECTOR('',#5409,1.);
#5409 = DIRECTION('',(0.,0.,1.));
#5410 = ORIENTED_EDGE('',*,*,#4693,.F.);
#5411 = ORIENTED_EDGE('',*,*,#5405,.F.);
#5412 = CYLINDRICAL_SURFACE('',#5413,0.45);
#5413 = AXIS2_PLACEMENT_3D('',#5414,#5415,#5416);
#5414 = CARTESIAN_POINT('',(87.867506,-241.831,-4.6E-02));
#5415 = DIRECTION('',(-0.,0.,-1.));
#5416 = DIRECTION('',(3.157967714489E-14,-1.,-0.));
#5417 = ADVANCED_FACE('',(#5418),#5429,.F.);
#5418 = FACE_BOUND('',#5419,.T.);
#5419 = EDGE_LOOP('',(#5420,#5421,#5427,#5428));
#5420 = ORIENTED_EDGE('',*,*,#4135,.T.);
#5421 = ORIENTED_EDGE('',*,*,#5422,.T.);
#5422 = EDGE_CURVE('',#4136,#4705,#5423,.T.);
#5423 = LINE('',#5424,#5425);
#5424 = CARTESIAN_POINT('',(87.867506,-229.881,-4.6E-02));
#5425 = VECTOR('',#5426,1.);
#5426 = DIRECTION('',(0.,0.,1.));
#5427 = ORIENTED_EDGE('',*,*,#4704,.F.);
#5428 = ORIENTED_EDGE('',*,*,#5422,.F.);
#5429 = CYLINDRICAL_SURFACE('',#5430,0.45);
#5430 = AXIS2_PLACEMENT_3D('',#5431,#5432,#5433);
#5431 = CARTESIAN_POINT('',(87.867506,-229.431,-4.6E-02));
#5432 = DIRECTION('',(-0.,0.,-1.));
#5433 = DIRECTION('',(3.157967714489E-14,-1.,-0.));
#5434 = ADVANCED_FACE('',(#5435),#5446,.F.);
#5435 = FACE_BOUND('',#5436,.T.);
#5436 = EDGE_LOOP('',(#5437,#5438,#5444,#5445));
#5437 = ORIENTED_EDGE('',*,*,#4146,.T.);
#5438 = ORIENTED_EDGE('',*,*,#5439,.T.);
#5439 = EDGE_CURVE('',#4147,#4716,#5440,.T.);
#5440 = LINE('',#5441,#5442);
#5441 = CARTESIAN_POINT('',(87.707506,-201.981,-4.6E-02));
#5442 = VECTOR('',#5443,1.);
#5443 = DIRECTION('',(0.,0.,1.));
#5444 = ORIENTED_EDGE('',*,*,#4715,.F.);
#5445 = ORIENTED_EDGE('',*,*,#5439,.F.);
#5446 = CYLINDRICAL_SURFACE('',#5447,0.45);
#5447 = AXIS2_PLACEMENT_3D('',#5448,#5449,#5450);
#5448 = CARTESIAN_POINT('',(87.707506,-201.531,-4.6E-02));
#5449 = DIRECTION('',(-0.,-0.,-1.));
#5450 = DIRECTION('',(-0.,-1.,0.));
#5451 = ADVANCED_FACE('',(#5452),#5463,.F.);
#5452 = FACE_BOUND('',#5453,.T.);
#5453 = EDGE_LOOP('',(#5454,#5455,#5461,#5462));
#5454 = ORIENTED_EDGE('',*,*,#4157,.T.);
#5455 = ORIENTED_EDGE('',*,*,#5456,.T.);
#5456 = EDGE_CURVE('',#4158,#4727,#5457,.T.);
#5457 = LINE('',#5458,#5459);
#5458 = CARTESIAN_POINT('',(75.99,-177.36,-4.6E-02));
#5459 = VECTOR('',#5460,1.);
#5460 = DIRECTION('',(0.,0.,1.));
#5461 = ORIENTED_EDGE('',*,*,#4726,.F.);
#5462 = ORIENTED_EDGE('',*,*,#5456,.F.);
#5463 = CYLINDRICAL_SURFACE('',#5464,2.75);
#5464 = AXIS2_PLACEMENT_3D('',#5465,#5466,#5467);
#5465 = CARTESIAN_POINT('',(75.99,-174.61,-4.6E-02));
#5466 = DIRECTION('',(-0.,-0.,-1.));
#5467 = DIRECTION('',(-0.,-1.,0.));
#5468 = ADVANCED_FACE('',(#5469),#5480,.F.);
#5469 = FACE_BOUND('',#5470,.T.);
#5470 = EDGE_LOOP('',(#5471,#5472,#5478,#5479));
#5471 = ORIENTED_EDGE('',*,*,#4168,.T.);
#5472 = ORIENTED_EDGE('',*,*,#5473,.T.);
#5473 = EDGE_CURVE('',#4169,#4738,#5474,.T.);
#5474 = LINE('',#5475,#5476);
#5475 = CARTESIAN_POINT('',(75.99,-157.03,-4.6E-02));
#5476 = VECTOR('',#5477,1.);
#5477 = DIRECTION('',(0.,0.,1.));
#5478 = ORIENTED_EDGE('',*,*,#4737,.F.);
#5479 = ORIENTED_EDGE('',*,*,#5473,.F.);
#5480 = CYLINDRICAL_SURFACE('',#5481,2.75);
#5481 = AXIS2_PLACEMENT_3D('',#5482,#5483,#5484);
#5482 = CARTESIAN_POINT('',(75.99,-154.28,-4.6E-02));
#5483 = DIRECTION('',(-0.,-0.,-1.));
#5484 = DIRECTION('',(-0.,-1.,0.));
#5485 = ADVANCED_FACE('',(#5486),#5497,.F.);
#5486 = FACE_BOUND('',#5487,.T.);
#5487 = EDGE_LOOP('',(#5488,#5489,#5495,#5496));
#5488 = ORIENTED_EDGE('',*,*,#4179,.T.);
#5489 = ORIENTED_EDGE('',*,*,#5490,.T.);
#5490 = EDGE_CURVE('',#4180,#4749,#5491,.T.);
#5491 = LINE('',#5492,#5493);
#5492 = CARTESIAN_POINT('',(75.99,-136.7,-4.6E-02));
#5493 = VECTOR('',#5494,1.);
#5494 = DIRECTION('',(0.,0.,1.));
#5495 = ORIENTED_EDGE('',*,*,#4748,.F.);
#5496 = ORIENTED_EDGE('',*,*,#5490,.F.);
#5497 = CYLINDRICAL_SURFACE('',#5498,2.75);
#5498 = AXIS2_PLACEMENT_3D('',#5499,#5500,#5501);
#5499 = CARTESIAN_POINT('',(75.99,-133.95,-4.6E-02));
#5500 = DIRECTION('',(-0.,-0.,-1.));
#5501 = DIRECTION('',(-0.,-1.,0.));
#5502 = ADVANCED_FACE('',(#5503),#5514,.F.);
#5503 = FACE_BOUND('',#5504,.T.);
#5504 = EDGE_LOOP('',(#5505,#5506,#5512,#5513));
#5505 = ORIENTED_EDGE('',*,*,#4190,.T.);
#5506 = ORIENTED_EDGE('',*,*,#5507,.T.);
#5507 = EDGE_CURVE('',#4191,#4760,#5508,.T.);
#5508 = LINE('',#5509,#5510);
#5509 = CARTESIAN_POINT('',(75.99,-116.37,-4.6E-02));
#5510 = VECTOR('',#5511,1.);
#5511 = DIRECTION('',(0.,0.,1.));
#5512 = ORIENTED_EDGE('',*,*,#4759,.F.);
#5513 = ORIENTED_EDGE('',*,*,#5507,.F.);
#5514 = CYLINDRICAL_SURFACE('',#5515,2.75);
#5515 = AXIS2_PLACEMENT_3D('',#5516,#5517,#5518);
#5516 = CARTESIAN_POINT('',(75.99,-113.62,-4.6E-02));
#5517 = DIRECTION('',(-0.,-0.,-1.));
#5518 = DIRECTION('',(-0.,-1.,0.));
#5519 = ADVANCED_FACE('',(#5520),#5531,.F.);
#5520 = FACE_BOUND('',#5521,.T.);
#5521 = EDGE_LOOP('',(#5522,#5523,#5529,#5530));
#5522 = ORIENTED_EDGE('',*,*,#4201,.T.);
#5523 = ORIENTED_EDGE('',*,*,#5524,.T.);
#5524 = EDGE_CURVE('',#4202,#4771,#5525,.T.);
#5525 = LINE('',#5526,#5527);
#5526 = CARTESIAN_POINT('',(76.27,-96.04,-4.6E-02));
#5527 = VECTOR('',#5528,1.);
#5528 = DIRECTION('',(0.,0.,1.));
#5529 = ORIENTED_EDGE('',*,*,#4770,.F.);
#5530 = ORIENTED_EDGE('',*,*,#5524,.F.);
#5531 = CYLINDRICAL_SURFACE('',#5532,2.75);
#5532 = AXIS2_PLACEMENT_3D('',#5533,#5534,#5535);
#5533 = CARTESIAN_POINT('',(76.27,-93.29,-4.6E-02));
#5534 = DIRECTION('',(-0.,-0.,-1.));
#5535 = DIRECTION('',(-0.,-1.,0.));
#5536 = ADVANCED_FACE('',(#5537),#5548,.F.);
#5537 = FACE_BOUND('',#5538,.T.);
#5538 = EDGE_LOOP('',(#5539,#5540,#5546,#5547));
#5539 = ORIENTED_EDGE('',*,*,#4212,.T.);
#5540 = ORIENTED_EDGE('',*,*,#5541,.T.);
#5541 = EDGE_CURVE('',#4213,#4782,#5542,.T.);
#5542 = LINE('',#5543,#5544);
#5543 = CARTESIAN_POINT('',(75.99,-75.71,-4.6E-02));
#5544 = VECTOR('',#5545,1.);
#5545 = DIRECTION('',(0.,0.,1.));
#5546 = ORIENTED_EDGE('',*,*,#4781,.F.);
#5547 = ORIENTED_EDGE('',*,*,#5541,.F.);
#5548 = CYLINDRICAL_SURFACE('',#5549,2.75);
#5549 = AXIS2_PLACEMENT_3D('',#5550,#5551,#5552);
#5550 = CARTESIAN_POINT('',(75.99,-72.96,-4.6E-02));
#5551 = DIRECTION('',(-0.,-0.,-1.));
#5552 = DIRECTION('',(-0.,-1.,0.));
#5553 = ADVANCED_FACE('',(#5554),#5565,.F.);
#5554 = FACE_BOUND('',#5555,.T.);
#5555 = EDGE_LOOP('',(#5556,#5557,#5563,#5564));
#5556 = ORIENTED_EDGE('',*,*,#4223,.T.);
#5557 = ORIENTED_EDGE('',*,*,#5558,.T.);
#5558 = EDGE_CURVE('',#4224,#4793,#5559,.T.);
#5559 = LINE('',#5560,#5561);
#5560 = CARTESIAN_POINT('',(75.99,-55.38,-4.6E-02));
#5561 = VECTOR('',#5562,1.);
#5562 = DIRECTION('',(0.,0.,1.));
#5563 = ORIENTED_EDGE('',*,*,#4792,.F.);
#5564 = ORIENTED_EDGE('',*,*,#5558,.F.);
#5565 = CYLINDRICAL_SURFACE('',#5566,2.75);
#5566 = AXIS2_PLACEMENT_3D('',#5567,#5568,#5569);
#5567 = CARTESIAN_POINT('',(75.99,-52.63,-4.6E-02));
#5568 = DIRECTION('',(-0.,-0.,-1.));
#5569 = DIRECTION('',(-0.,-1.,0.));
#5570 = ADVANCED_FACE('',(#5571),#5582,.F.);
#5571 = FACE_BOUND('',#5572,.T.);
#5572 = EDGE_LOOP('',(#5573,#5574,#5580,#5581));
#5573 = ORIENTED_EDGE('',*,*,#4234,.T.);
#5574 = ORIENTED_EDGE('',*,*,#5575,.T.);
#5575 = EDGE_CURVE('',#4235,#4804,#5576,.T.);
#5576 = LINE('',#5577,#5578);
#5577 = CARTESIAN_POINT('',(84.130006,-184.721,-4.6E-02));
#5578 = VECTOR('',#5579,1.);
#5579 = DIRECTION('',(0.,0.,1.));
#5580 = ORIENTED_EDGE('',*,*,#4803,.F.);
#5581 = ORIENTED_EDGE('',*,*,#5575,.F.);
#5582 = CYLINDRICAL_SURFACE('',#5583,0.25);
#5583 = AXIS2_PLACEMENT_3D('',#5584,#5585,#5586);
#5584 = CARTESIAN_POINT('',(84.130006,-184.471,-4.6E-02));
#5585 = DIRECTION('',(-0.,-0.,-1.));
#5586 = DIRECTION('',(-0.,-1.,0.));
#5587 = ADVANCED_FACE('',(#5588),#5599,.F.);
#5588 = FACE_BOUND('',#5589,.T.);
#5589 = EDGE_LOOP('',(#5590,#5591,#5597,#5598));
#5590 = ORIENTED_EDGE('',*,*,#4245,.T.);
#5591 = ORIENTED_EDGE('',*,*,#5592,.T.);
#5592 = EDGE_CURVE('',#4246,#4815,#5593,.T.);
#5593 = LINE('',#5594,#5595);
#5594 = CARTESIAN_POINT('',(83.920006,-144.091,-4.6E-02));
#5595 = VECTOR('',#5596,1.);
#5596 = DIRECTION('',(0.,0.,1.));
#5597 = ORIENTED_EDGE('',*,*,#4814,.F.);
#5598 = ORIENTED_EDGE('',*,*,#5592,.F.);
#5599 = CYLINDRICAL_SURFACE('',#5600,0.25);
#5600 = AXIS2_PLACEMENT_3D('',#5601,#5602,#5603);
#5601 = CARTESIAN_POINT('',(83.920006,-143.841,-4.6E-02));
#5602 = DIRECTION('',(-0.,-0.,-1.));
#5603 = DIRECTION('',(-0.,-1.,0.));
#5604 = ADVANCED_FACE('',(#5605),#5616,.F.);
#5605 = FACE_BOUND('',#5606,.T.);
#5606 = EDGE_LOOP('',(#5607,#5608,#5614,#5615));
#5607 = ORIENTED_EDGE('',*,*,#4256,.T.);
#5608 = ORIENTED_EDGE('',*,*,#5609,.T.);
#5609 = EDGE_CURVE('',#4257,#4826,#5610,.T.);
#5610 = LINE('',#5611,#5612);
#5611 = CARTESIAN_POINT('',(85.380006,-184.721,-4.6E-02));
#5612 = VECTOR('',#5613,1.);
#5613 = DIRECTION('',(0.,0.,1.));
#5614 = ORIENTED_EDGE('',*,*,#4825,.F.);
#5615 = ORIENTED_EDGE('',*,*,#5609,.F.);
#5616 = CYLINDRICAL_SURFACE('',#5617,0.25);
#5617 = AXIS2_PLACEMENT_3D('',#5618,#5619,#5620);
#5618 = CARTESIAN_POINT('',(85.380006,-184.471,-4.6E-02));
#5619 = DIRECTION('',(-0.,-0.,-1.));
#5620 = DIRECTION('',(-0.,-1.,0.));
#5621 = ADVANCED_FACE('',(#5622),#5633,.F.);
#5622 = FACE_BOUND('',#5623,.T.);
#5623 = EDGE_LOOP('',(#5624,#5625,#5631,#5632));
#5624 = ORIENTED_EDGE('',*,*,#4267,.T.);
#5625 = ORIENTED_EDGE('',*,*,#5626,.T.);
#5626 = EDGE_CURVE('',#4268,#4837,#5627,.T.);
#5627 = LINE('',#5628,#5629);
#5628 = CARTESIAN_POINT('',(87.707506,-189.581,-4.6E-02));
#5629 = VECTOR('',#5630,1.);
#5630 = DIRECTION('',(0.,0.,1.));
#5631 = ORIENTED_EDGE('',*,*,#4836,.F.);
#5632 = ORIENTED_EDGE('',*,*,#5626,.F.);
#5633 = CYLINDRICAL_SURFACE('',#5634,0.45);
#5634 = AXIS2_PLACEMENT_3D('',#5635,#5636,#5637);
#5635 = CARTESIAN_POINT('',(87.707506,-189.131,-4.6E-02));
#5636 = DIRECTION('',(-0.,-0.,-1.));
#5637 = DIRECTION('',(-0.,-1.,0.));
#5638 = ADVANCED_FACE('',(#5639),#5650,.F.);
#5639 = FACE_BOUND('',#5640,.T.);
#5640 = EDGE_LOOP('',(#5641,#5642,#5648,#5649));
#5641 = ORIENTED_EDGE('',*,*,#4278,.T.);
#5642 = ORIENTED_EDGE('',*,*,#5643,.T.);
#5643 = EDGE_CURVE('',#4279,#4848,#5644,.T.);
#5644 = LINE('',#5645,#5646);
#5645 = CARTESIAN_POINT('',(87.857506,-161.101,-4.6E-02));
#5646 = VECTOR('',#5647,1.);
#5647 = DIRECTION('',(0.,0.,1.));
#5648 = ORIENTED_EDGE('',*,*,#4847,.F.);
#5649 = ORIENTED_EDGE('',*,*,#5643,.F.);
#5650 = CYLINDRICAL_SURFACE('',#5651,0.45);
#5651 = AXIS2_PLACEMENT_3D('',#5652,#5653,#5654);
#5652 = CARTESIAN_POINT('',(87.857506,-160.651,-4.6E-02));
#5653 = DIRECTION('',(-0.,-0.,-1.));
#5654 = DIRECTION('',(-0.,-1.,0.));
#5655 = ADVANCED_FACE('',(#5656),#5667,.F.);
#5656 = FACE_BOUND('',#5657,.T.);
#5657 = EDGE_LOOP('',(#5658,#5659,#5665,#5666));
#5658 = ORIENTED_EDGE('',*,*,#4289,.T.);
#5659 = ORIENTED_EDGE('',*,*,#5660,.T.);
#5660 = EDGE_CURVE('',#4290,#4859,#5661,.T.);
#5661 = LINE('',#5662,#5663);
#5662 = CARTESIAN_POINT('',(85.170006,-144.091,-4.6E-02));
#5663 = VECTOR('',#5664,1.);
#5664 = DIRECTION('',(0.,0.,1.));
#5665 = ORIENTED_EDGE('',*,*,#4858,.F.);
#5666 = ORIENTED_EDGE('',*,*,#5660,.F.);
#5667 = CYLINDRICAL_SURFACE('',#5668,0.25);
#5668 = AXIS2_PLACEMENT_3D('',#5669,#5670,#5671);
#5669 = CARTESIAN_POINT('',(85.170006,-143.841,-4.6E-02));
#5670 = DIRECTION('',(-0.,-0.,-1.));
#5671 = DIRECTION('',(-0.,-1.,0.));
#5672 = ADVANCED_FACE('',(#5673),#5684,.F.);
#5673 = FACE_BOUND('',#5674,.T.);
#5674 = EDGE_LOOP('',(#5675,#5676,#5682,#5683));
#5675 = ORIENTED_EDGE('',*,*,#4300,.T.);
#5676 = ORIENTED_EDGE('',*,*,#5677,.T.);
#5677 = EDGE_CURVE('',#4301,#4870,#5678,.T.);
#5678 = LINE('',#5679,#5680);
#5679 = CARTESIAN_POINT('',(87.857506,-148.701,-4.6E-02));
#5680 = VECTOR('',#5681,1.);
#5681 = DIRECTION('',(0.,0.,1.));
#5682 = ORIENTED_EDGE('',*,*,#4869,.F.);
#5683 = ORIENTED_EDGE('',*,*,#5677,.F.);
#5684 = CYLINDRICAL_SURFACE('',#5685,0.45);
#5685 = AXIS2_PLACEMENT_3D('',#5686,#5687,#5688);
#5686 = CARTESIAN_POINT('',(87.857506,-148.251,-4.6E-02));
#5687 = DIRECTION('',(-0.,-0.,-1.));
#5688 = DIRECTION('',(-0.,-1.,0.));
#5689 = ADVANCED_FACE('',(#5690),#5701,.F.);
#5690 = FACE_BOUND('',#5691,.T.);
#5691 = EDGE_LOOP('',(#5692,#5693,#5699,#5700));
#5692 = ORIENTED_EDGE('',*,*,#4311,.T.);
#5693 = ORIENTED_EDGE('',*,*,#5694,.T.);
#5694 = EDGE_CURVE('',#4312,#4881,#5695,.T.);
#5695 = LINE('',#5696,#5697);
#5696 = CARTESIAN_POINT('',(87.947506,-120.571,-4.6E-02));
#5697 = VECTOR('',#5698,1.);
#5698 = DIRECTION('',(0.,0.,1.));
#5699 = ORIENTED_EDGE('',*,*,#4880,.F.);
#5700 = ORIENTED_EDGE('',*,*,#5694,.F.);
#5701 = CYLINDRICAL_SURFACE('',#5702,0.45);
#5702 = AXIS2_PLACEMENT_3D('',#5703,#5704,#5705);
#5703 = CARTESIAN_POINT('',(87.947506,-120.121,-4.6E-02));
#5704 = DIRECTION('',(-0.,-0.,-1.));
#5705 = DIRECTION('',(-0.,-1.,0.));
#5706 = ADVANCED_FACE('',(#5707),#5718,.F.);
#5707 = FACE_BOUND('',#5708,.T.);
#5708 = EDGE_LOOP('',(#5709,#5710,#5716,#5717));
#5709 = ORIENTED_EDGE('',*,*,#4322,.T.);
#5710 = ORIENTED_EDGE('',*,*,#5711,.T.);
#5711 = EDGE_CURVE('',#4323,#4892,#5712,.T.);
#5712 = LINE('',#5713,#5714);
#5713 = CARTESIAN_POINT('',(83.730006,-103.391,-4.6E-02));
#5714 = VECTOR('',#5715,1.);
#5715 = DIRECTION('',(0.,0.,1.));
#5716 = ORIENTED_EDGE('',*,*,#4891,.F.);
#5717 = ORIENTED_EDGE('',*,*,#5711,.F.);
#5718 = CYLINDRICAL_SURFACE('',#5719,0.25);
#5719 = AXIS2_PLACEMENT_3D('',#5720,#5721,#5722);
#5720 = CARTESIAN_POINT('',(83.730006,-103.141,-4.6E-02));
#5721 = DIRECTION('',(-0.,-0.,-1.));
#5722 = DIRECTION('',(-0.,-1.,0.));
#5723 = ADVANCED_FACE('',(#5724),#5735,.F.);
#5724 = FACE_BOUND('',#5725,.T.);
#5725 = EDGE_LOOP('',(#5726,#5727,#5733,#5734));
#5726 = ORIENTED_EDGE('',*,*,#4333,.T.);
#5727 = ORIENTED_EDGE('',*,*,#5728,.T.);
#5728 = EDGE_CURVE('',#4334,#4903,#5729,.T.);
#5729 = LINE('',#5730,#5731);
#5730 = CARTESIAN_POINT('',(83.810006,-83.241,-4.6E-02));
#5731 = VECTOR('',#5732,1.);
#5732 = DIRECTION('',(0.,0.,1.));
#5733 = ORIENTED_EDGE('',*,*,#4902,.F.);
#5734 = ORIENTED_EDGE('',*,*,#5728,.F.);
#5735 = CYLINDRICAL_SURFACE('',#5736,0.25);
#5736 = AXIS2_PLACEMENT_3D('',#5737,#5738,#5739);
#5737 = CARTESIAN_POINT('',(83.810006,-82.991,-4.6E-02));
#5738 = DIRECTION('',(-0.,-0.,-1.));
#5739 = DIRECTION('',(-0.,-1.,0.));
#5740 = ADVANCED_FACE('',(#5741),#5752,.F.);
#5741 = FACE_BOUND('',#5742,.T.);
#5742 = EDGE_LOOP('',(#5743,#5744,#5750,#5751));
#5743 = ORIENTED_EDGE('',*,*,#4344,.T.);
#5744 = ORIENTED_EDGE('',*,*,#5745,.T.);
#5745 = EDGE_CURVE('',#4345,#4914,#5746,.T.);
#5746 = LINE('',#5747,#5748);
#5747 = CARTESIAN_POINT('',(84.300006,-62.821,-4.6E-02));
#5748 = VECTOR('',#5749,1.);
#5749 = DIRECTION('',(0.,0.,1.));
#5750 = ORIENTED_EDGE('',*,*,#4913,.F.);
#5751 = ORIENTED_EDGE('',*,*,#5745,.F.);
#5752 = CYLINDRICAL_SURFACE('',#5753,0.25);
#5753 = AXIS2_PLACEMENT_3D('',#5754,#5755,#5756);
#5754 = CARTESIAN_POINT('',(84.300006,-62.571,-4.6E-02));
#5755 = DIRECTION('',(-0.,-0.,-1.));
#5756 = DIRECTION('',(-0.,-1.,0.));
#5757 = ADVANCED_FACE('',(#5758),#5769,.F.);
#5758 = FACE_BOUND('',#5759,.T.);
#5759 = EDGE_LOOP('',(#5760,#5761,#5767,#5768));
#5760 = ORIENTED_EDGE('',*,*,#4355,.T.);
#5761 = ORIENTED_EDGE('',*,*,#5762,.T.);
#5762 = EDGE_CURVE('',#4356,#4925,#5763,.T.);
#5763 = LINE('',#5764,#5765);
#5764 = CARTESIAN_POINT('',(84.980006,-103.391,-4.6E-02));
#5765 = VECTOR('',#5766,1.);
#5766 = DIRECTION('',(0.,0.,1.));
#5767 = ORIENTED_EDGE('',*,*,#4924,.F.);
#5768 = ORIENTED_EDGE('',*,*,#5762,.F.);
#5769 = CYLINDRICAL_SURFACE('',#5770,0.25);
#5770 = AXIS2_PLACEMENT_3D('',#5771,#5772,#5773);
#5771 = CARTESIAN_POINT('',(84.980006,-103.141,-4.6E-02));
#5772 = DIRECTION('',(-0.,-0.,-1.));
#5773 = DIRECTION('',(-0.,-1.,0.));
#5774 = ADVANCED_FACE('',(#5775),#5786,.F.);
#5775 = FACE_BOUND('',#5776,.T.);
#5776 = EDGE_LOOP('',(#5777,#5778,#5784,#5785));
#5777 = ORIENTED_EDGE('',*,*,#4366,.T.);
#5778 = ORIENTED_EDGE('',*,*,#5779,.T.);
#5779 = EDGE_CURVE('',#4367,#4936,#5780,.T.);
#5780 = LINE('',#5781,#5782);
#5781 = CARTESIAN_POINT('',(85.060006,-83.241,-4.6E-02));
#5782 = VECTOR('',#5783,1.);
#5783 = DIRECTION('',(0.,0.,1.));
#5784 = ORIENTED_EDGE('',*,*,#4935,.F.);
#5785 = ORIENTED_EDGE('',*,*,#5779,.F.);
#5786 = CYLINDRICAL_SURFACE('',#5787,0.25);
#5787 = AXIS2_PLACEMENT_3D('',#5788,#5789,#5790);
#5788 = CARTESIAN_POINT('',(85.060006,-82.991,-4.6E-02));
#5789 = DIRECTION('',(-0.,-0.,-1.));
#5790 = DIRECTION('',(-0.,-1.,0.));
#5791 = ADVANCED_FACE('',(#5792),#5803,.F.);
#5792 = FACE_BOUND('',#5793,.T.);
#5793 = EDGE_LOOP('',(#5794,#5795,#5801,#5802));
#5794 = ORIENTED_EDGE('',*,*,#4377,.T.);
#5795 = ORIENTED_EDGE('',*,*,#5796,.T.);
#5796 = EDGE_CURVE('',#4378,#4947,#5797,.T.);
#5797 = LINE('',#5798,#5799);
#5798 = CARTESIAN_POINT('',(87.947506,-108.171,-4.6E-02));
#5799 = VECTOR('',#5800,1.);
#5800 = DIRECTION('',(0.,0.,1.));
#5801 = ORIENTED_EDGE('',*,*,#4946,.F.);
#5802 = ORIENTED_EDGE('',*,*,#5796,.F.);
#5803 = CYLINDRICAL_SURFACE('',#5804,0.45);
#5804 = AXIS2_PLACEMENT_3D('',#5805,#5806,#5807);
#5805 = CARTESIAN_POINT('',(87.947506,-107.721,-4.6E-02));
#5806 = DIRECTION('',(-0.,-0.,-1.));
#5807 = DIRECTION('',(-0.,-1.,0.));
#5808 = ADVANCED_FACE('',(#5809),#5820,.F.);
#5809 = FACE_BOUND('',#5810,.T.);
#5810 = EDGE_LOOP('',(#5811,#5812,#5818,#5819));
#5811 = ORIENTED_EDGE('',*,*,#4388,.T.);
#5812 = ORIENTED_EDGE('',*,*,#5813,.T.);
#5813 = EDGE_CURVE('',#4389,#4958,#5814,.T.);
#5814 = LINE('',#5815,#5816);
#5815 = CARTESIAN_POINT('',(85.550006,-62.821,-4.6E-02));
#5816 = VECTOR('',#5817,1.);
#5817 = DIRECTION('',(0.,0.,1.));
#5818 = ORIENTED_EDGE('',*,*,#4957,.F.);
#5819 = ORIENTED_EDGE('',*,*,#5813,.F.);
#5820 = CYLINDRICAL_SURFACE('',#5821,0.25);
#5821 = AXIS2_PLACEMENT_3D('',#5822,#5823,#5824);
#5822 = CARTESIAN_POINT('',(85.550006,-62.571,-4.6E-02));
#5823 = DIRECTION('',(-0.,-0.,-1.));
#5824 = DIRECTION('',(-0.,-1.,0.));
#5825 = ADVANCED_FACE('',(#5826),#5837,.F.);
#5826 = FACE_BOUND('',#5827,.T.);
#5827 = EDGE_LOOP('',(#5828,#5829,#5835,#5836));
#5828 = ORIENTED_EDGE('',*,*,#4399,.T.);
#5829 = ORIENTED_EDGE('',*,*,#5830,.T.);
#5830 = EDGE_CURVE('',#4400,#4969,#5831,.T.);
#5831 = LINE('',#5832,#5833);
#5832 = CARTESIAN_POINT('',(88.132506,-79.941,-4.6E-02));
#5833 = VECTOR('',#5834,1.);
#5834 = DIRECTION('',(0.,0.,1.));
#5835 = ORIENTED_EDGE('',*,*,#4968,.F.);
#5836 = ORIENTED_EDGE('',*,*,#5830,.F.);
#5837 = CYLINDRICAL_SURFACE('',#5838,0.45);
#5838 = AXIS2_PLACEMENT_3D('',#5839,#5840,#5841);
#5839 = CARTESIAN_POINT('',(88.132506,-79.491,-4.6E-02));
#5840 = DIRECTION('',(-0.,-0.,-1.));
#5841 = DIRECTION('',(-0.,-1.,0.));
#5842 = ADVANCED_FACE('',(#5843),#5854,.F.);
#5843 = FACE_BOUND('',#5844,.T.);
#5844 = EDGE_LOOP('',(#5845,#5846,#5852,#5853));
#5845 = ORIENTED_EDGE('',*,*,#4410,.T.);
#5846 = ORIENTED_EDGE('',*,*,#5847,.T.);
#5847 = EDGE_CURVE('',#4411,#4980,#5848,.T.);
#5848 = LINE('',#5849,#5850);
#5849 = CARTESIAN_POINT('',(88.132506,-67.541,-4.6E-02));
#5850 = VECTOR('',#5851,1.);
#5851 = DIRECTION('',(0.,0.,1.));
#5852 = ORIENTED_EDGE('',*,*,#4979,.F.);
#5853 = ORIENTED_EDGE('',*,*,#5847,.F.);
#5854 = CYLINDRICAL_SURFACE('',#5855,0.45);
#5855 = AXIS2_PLACEMENT_3D('',#5856,#5857,#5858);
#5856 = CARTESIAN_POINT('',(88.132506,-67.091,-4.6E-02));
#5857 = DIRECTION('',(-0.,-0.,-1.));
#5858 = DIRECTION('',(-0.,-1.,0.));
#5859 = ADVANCED_FACE('',(#5860),#5871,.F.);
#5860 = FACE_BOUND('',#5861,.T.);
#5861 = EDGE_LOOP('',(#5862,#5863,#5869,#5870));
#5862 = ORIENTED_EDGE('',*,*,#4421,.T.);
#5863 = ORIENTED_EDGE('',*,*,#5864,.T.);
#5864 = EDGE_CURVE('',#4422,#4991,#5865,.T.);
#5865 = LINE('',#5866,#5867);
#5866 = CARTESIAN_POINT('',(88.410006,-59.461,-4.6E-02));
#5867 = VECTOR('',#5868,1.);
#5868 = DIRECTION('',(0.,0.,1.));
#5869 = ORIENTED_EDGE('',*,*,#4990,.F.);
#5870 = ORIENTED_EDGE('',*,*,#5864,.F.);
#5871 = CYLINDRICAL_SURFACE('',#5872,0.45);
#5872 = AXIS2_PLACEMENT_3D('',#5873,#5874,#5875);
#5873 = CARTESIAN_POINT('',(88.410006,-59.011,-4.6E-02));
#5874 = DIRECTION('',(-0.,-0.,-1.));
#5875 = DIRECTION('',(-3.157967714489E-14,-1.,0.));
#5876 = ADVANCED_FACE('',(#5877),#5888,.F.);
#5877 = FACE_BOUND('',#5878,.T.);
#5878 = EDGE_LOOP('',(#5879,#5880,#5886,#5887));
#5879 = ORIENTED_EDGE('',*,*,#4432,.T.);
#5880 = ORIENTED_EDGE('',*,*,#5881,.T.);
#5881 = EDGE_CURVE('',#4433,#5002,#5882,.T.);
#5882 = LINE('',#5883,#5884);
#5883 = CARTESIAN_POINT('',(88.410006,-47.061,-4.6E-02));
#5884 = VECTOR('',#5885,1.);
#5885 = DIRECTION('',(0.,0.,1.));
#5886 = ORIENTED_EDGE('',*,*,#5001,.F.);
#5887 = ORIENTED_EDGE('',*,*,#5881,.F.);
#5888 = CYLINDRICAL_SURFACE('',#5889,0.45);
#5889 = AXIS2_PLACEMENT_3D('',#5890,#5891,#5892);
#5890 = CARTESIAN_POINT('',(88.410006,-46.611,-4.6E-02));
#5891 = DIRECTION('',(-0.,-0.,-1.));
#5892 = DIRECTION('',(-3.157967714489E-14,-1.,0.));
#5893 = ( GEOMETRIC_REPRESENTATION_CONTEXT(3) 
GLOBAL_UNCERTAINTY_ASSIGNED_CONTEXT((#5897)) 
GLOBAL_UNIT_ASSIGNED_CONTEXT((#5894,#5895,#5896)) REPRESENTATION_CONTEXT
('Context #1','3D Context with UNIT and UNCERTAINTY') );
#5894 = ( LENGTH_UNIT() NAMED_UNIT(*) SI_UNIT(.MILLI.,.METRE.) );
#5895 = ( NAMED_UNIT(*) PLANE_ANGLE_UNIT() SI_UNIT($,.RADIAN.) );
#5896 = ( NAMED_UNIT(*) SI_UNIT($,.STERADIAN.) SOLID_ANGLE_UNIT() );
#5897 = UNCERTAINTY_MEASURE_WITH_UNIT(LENGTH_MEASURE(1.E-07),#5894,
  'distance_accuracy_value','confusion accuracy');
#5898 = CONTEXT_DEPENDENT_SHAPE_REPRESENTATION(#5899,#5901);
#5899 = ( REPRESENTATION_RELATIONSHIP('','',#3769,#10) 
REPRESENTATION_RELATIONSHIP_WITH_TRANSFORMATION(#5900) 
SHAPE_REPRESENTATION_RELATIONSHIP() );
#5900 = ITEM_DEFINED_TRANSFORMATION('','',#11,#79);
#5901 = PRODUCT_DEFINITION_SHAPE('Placement','Placement of an item',
  #5902);
#5902 = NEXT_ASSEMBLY_USAGE_OCCURRENCE('19','=>[0:1:1:4]','',#5,#3764,$
  );
#5903 = PRODUCT_RELATED_PRODUCT_CATEGORY('part',$,(#3766));
#5904 = MECHANICAL_DESIGN_GEOMETRIC_PRESENTATION_REPRESENTATION('',(
    #5905),#5893);
#5905 = STYLED_ITEM('color',(#5906),#3770);
#5906 = PRESENTATION_STYLE_ASSIGNMENT((#5907));
#5907 = SURFACE_STYLE_USAGE(.BOTH.,#5908);
#5908 = SURFACE_SIDE_STYLE('',(#5909));
#5909 = SURFACE_STYLE_FILL_AREA(#5910);
#5910 = FILL_AREA_STYLE('',(#5911));
#5911 = FILL_AREA_STYLE_COLOUR('',#5912);
#5912 = COLOUR_RGB('',0.313304153717,0.484529207832,0.410020903123);
#5913 = MECHANICAL_DESIGN_GEOMETRIC_PRESENTATION_REPRESENTATION('',(
    #5914,#5922,#5929,#5936,#5943,#5950,#5958,#5965,#5972,#5979,#5986,
    #5993,#6000,#6007,#6014,#6021,#6028),#484);
#5914 = STYLED_ITEM('color',(#5915),#99);
#5915 = PRESENTATION_STYLE_ASSIGNMENT((#5916));
#5916 = SURFACE_STYLE_USAGE(.BOTH.,#5917);
#5917 = SURFACE_SIDE_STYLE('',(#5918));
#5918 = SURFACE_STYLE_FILL_AREA(#5919);
#5919 = FILL_AREA_STYLE('',(#5920));
#5920 = FILL_AREA_STYLE_COLOUR('',#5921);
#5921 = COLOUR_RGB('',0.883000012551,0.711000022565,0.492000011028);
#5922 = STYLED_ITEM('color',(#5923),#132);
#5923 = PRESENTATION_STYLE_ASSIGNMENT((#5924));
#5924 = SURFACE_STYLE_USAGE(.BOTH.,#5925);
#5925 = SURFACE_SIDE_STYLE('',(#5926));
#5926 = SURFACE_STYLE_FILL_AREA(#5927);
#5927 = FILL_AREA_STYLE('',(#5928));
#5928 = FILL_AREA_STYLE_COLOUR('',#5921);
#5929 = STYLED_ITEM('color',(#5930),#158);
#5930 = PRESENTATION_STYLE_ASSIGNMENT((#5931));
#5931 = SURFACE_STYLE_USAGE(.BOTH.,#5932);
#5932 = SURFACE_SIDE_STYLE('',(#5933));
#5933 = SURFACE_STYLE_FILL_AREA(#5934);
#5934 = FILL_AREA_STYLE('',(#5935));
#5935 = FILL_AREA_STYLE_COLOUR('',#5921);
#5936 = STYLED_ITEM('color',(#5937),#178);
#5937 = PRESENTATION_STYLE_ASSIGNMENT((#5938));
#5938 = SURFACE_STYLE_USAGE(.BOTH.,#5939);
#5939 = SURFACE_SIDE_STYLE('',(#5940));
#5940 = SURFACE_STYLE_FILL_AREA(#5941);
#5941 = FILL_AREA_STYLE('',(#5942));
#5942 = FILL_AREA_STYLE_COLOUR('',#5921);
#5943 = STYLED_ITEM('color',(#5944),#198);
#5944 = PRESENTATION_STYLE_ASSIGNMENT((#5945));
#5945 = SURFACE_STYLE_USAGE(.BOTH.,#5946);
#5946 = SURFACE_SIDE_STYLE('',(#5947));
#5947 = SURFACE_STYLE_FILL_AREA(#5948);
#5948 = FILL_AREA_STYLE('',(#5949));
#5949 = FILL_AREA_STYLE_COLOUR('',#5921);
#5950 = STYLED_ITEM('color',(#5951),#223);
#5951 = PRESENTATION_STYLE_ASSIGNMENT((#5952));
#5952 = SURFACE_STYLE_USAGE(.BOTH.,#5953);
#5953 = SURFACE_SIDE_STYLE('',(#5954));
#5954 = SURFACE_STYLE_FILL_AREA(#5955);
#5955 = FILL_AREA_STYLE('',(#5956));
#5956 = FILL_AREA_STYLE_COLOUR('',#5957);
#5957 = COLOUR_RGB('',0.823999987314,0.819999987296,0.781000009244);
#5958 = STYLED_ITEM('color',(#5959),#248);
#5959 = PRESENTATION_STYLE_ASSIGNMENT((#5960));
#5960 = SURFACE_STYLE_USAGE(.BOTH.,#5961);
#5961 = SURFACE_SIDE_STYLE('',(#5962));
#5962 = SURFACE_STYLE_FILL_AREA(#5963);
#5963 = FILL_AREA_STYLE('',(#5964));
#5964 = FILL_AREA_STYLE_COLOUR('',#5921);
#5965 = STYLED_ITEM('color',(#5966),#268);
#5966 = PRESENTATION_STYLE_ASSIGNMENT((#5967));
#5967 = SURFACE_STYLE_USAGE(.BOTH.,#5968);
#5968 = SURFACE_SIDE_STYLE('',(#5969));
#5969 = SURFACE_STYLE_FILL_AREA(#5970);
#5970 = FILL_AREA_STYLE('',(#5971));
#5971 = FILL_AREA_STYLE_COLOUR('',#5957);
#5972 = STYLED_ITEM('color',(#5973),#294);
#5973 = PRESENTATION_STYLE_ASSIGNMENT((#5974));
#5974 = SURFACE_STYLE_USAGE(.BOTH.,#5975);
#5975 = SURFACE_SIDE_STYLE('',(#5976));
#5976 = SURFACE_STYLE_FILL_AREA(#5977);
#5977 = FILL_AREA_STYLE('',(#5978));
#5978 = FILL_AREA_STYLE_COLOUR('',#5921);
#5979 = STYLED_ITEM('color',(#5980),#319);
#5980 = PRESENTATION_STYLE_ASSIGNMENT((#5981));
#5981 = SURFACE_STYLE_USAGE(.BOTH.,#5982);
#5982 = SURFACE_SIDE_STYLE('',(#5983));
#5983 = SURFACE_STYLE_FILL_AREA(#5984);
#5984 = FILL_AREA_STYLE('',(#5985));
#5985 = FILL_AREA_STYLE_COLOUR('',#5957);
#5986 = STYLED_ITEM('color',(#5987),#344);
#5987 = PRESENTATION_STYLE_ASSIGNMENT((#5988));
#5988 = SURFACE_STYLE_USAGE(.BOTH.,#5989);
#5989 = SURFACE_SIDE_STYLE('',(#5990));
#5990 = SURFACE_STYLE_FILL_AREA(#5991);
#5991 = FILL_AREA_STYLE('',(#5992));
#5992 = FILL_AREA_STYLE_COLOUR('',#5921);
#5993 = STYLED_ITEM('color',(#5994),#370);
#5994 = PRESENTATION_STYLE_ASSIGNMENT((#5995));
#5995 = SURFACE_STYLE_USAGE(.BOTH.,#5996);
#5996 = SURFACE_SIDE_STYLE('',(#5997));
#5997 = SURFACE_STYLE_FILL_AREA(#5998);
#5998 = FILL_AREA_STYLE('',(#5999));
#5999 = FILL_AREA_STYLE_COLOUR('',#5957);
#6000 = STYLED_ITEM('color',(#6001),#379);
#6001 = PRESENTATION_STYLE_ASSIGNMENT((#6002));
#6002 = SURFACE_STYLE_USAGE(.BOTH.,#6003);
#6003 = SURFACE_SIDE_STYLE('',(#6004));
#6004 = SURFACE_STYLE_FILL_AREA(#6005);
#6005 = FILL_AREA_STYLE('',(#6006));
#6006 = FILL_AREA_STYLE_COLOUR('',#5921);
#6007 = STYLED_ITEM('color',(#6008),#399);
#6008 = PRESENTATION_STYLE_ASSIGNMENT((#6009));
#6009 = SURFACE_STYLE_USAGE(.BOTH.,#6010);
#6010 = SURFACE_SIDE_STYLE('',(#6011));
#6011 = SURFACE_STYLE_FILL_AREA(#6012);
#6012 = FILL_AREA_STYLE('',(#6013));
#6013 = FILL_AREA_STYLE_COLOUR('',#5957);
#6014 = STYLED_ITEM('color',(#6015),#424);
#6015 = PRESENTATION_STYLE_ASSIGNMENT((#6016));
#6016 = SURFACE_STYLE_USAGE(.BOTH.,#6017);
#6017 = SURFACE_SIDE_STYLE('',(#6018));
#6018 = SURFACE_STYLE_FILL_AREA(#6019);
#6019 = FILL_AREA_STYLE('',(#6020));
#6020 = FILL_AREA_STYLE_COLOUR('',#5957);
#6021 = STYLED_ITEM('color',(#6022),#450);
#6022 = PRESENTATION_STYLE_ASSIGNMENT((#6023));
#6023 = SURFACE_STYLE_USAGE(.BOTH.,#6024);
#6024 = SURFACE_SIDE_STYLE('',(#6025));
#6025 = SURFACE_STYLE_FILL_AREA(#6026);
#6026 = FILL_AREA_STYLE('',(#6027));
#6027 = FILL_AREA_STYLE_COLOUR('',#5957);
#6028 = STYLED_ITEM('color',(#6029),#475);
#6029 = PRESENTATION_STYLE_ASSIGNMENT((#6030));
#6030 = SURFACE_STYLE_USAGE(.BOTH.,#6031);
#6031 = SURFACE_SIDE_STYLE('',(#6032));
#6032 = SURFACE_STYLE_FILL_AREA(#6033);
#6033 = FILL_AREA_STYLE('',(#6034));
#6034 = FILL_AREA_STYLE_COLOUR('',#5957);
ENDSEC;
END-ISO-10303-21;
